LOWER_ARM_L,LOWER_ARM_R,LOWER_LEG_L,LOWER_LEG_R,UPPER_ARM_L,UPPER_ARM_R,UPPER_LEG_L,UPPER_LEG_R,name
50.0,56.0,93.0,112.0,52.0,52.0,115.0,132.0,02020926317
91.0,109.0,141.0,107.0,79.0,81.0,191.0,210.0,02021027317
61.0,60.0,112.0,103.0,46.0,63.0,159.0,214.0,02021135323
86.0,110.0,162.0,145.0,72.0,92.0,184.0,191.0,01010518306
61.0,77.0,143.0,110.0,82.0,78.0,139.0,149.0,02020618313
83.0,96.0,150.0,145.0,61.0,93.0,193.0,233.0,02021136324
44.0,49.0,85.0,85.0,51.0,49.0,118.0,128.0,02010305305
88.0,49.0,98.0,94.0,73.0,61.0,265.0,165.0,01010619327
43.0,55.0,69.0,68.0,53.0,57.0,135.0,114.0,02010512333
51.0,62.0,83.0,81.0,66.0,60.0,88.0,110.0,01010517343
39.0,45.0,60.0,64.0,41.0,45.0,131.0,142.0,02021030322
74.0,63.0,104.0,86.0,73.0,72.0,177.0,180.0,01010621314
57.0,63.0,78.0,104.0,62.0,45.0,260.0,245.0,01010517329
49.0,55.0,85.0,83.0,58.0,60.0,114.0,130.0,01010619337
55.0,50.0,62.0,76.0,51.0,56.0,109.0,118.0,010106193130
62.0,90.0,147.0,86.0,60.0,81.0,179.0,186.0,01010518333
59.0,48.0,136.0,126.0,57.0,38.0,166.0,182.0,02021557331
66.0,78.0,95.0,105.0,75.0,86.0,131.0,182.0,02010408326
91.0,74.0,125.0,125.0,87.0,86.0,190.0,224.0,02021139308
52.0,73.0,121.0,120.0,57.0,68.0,123.0,157.0,01010207318
52.0,67.0,108.0,102.0,58.0,79.0,148.0,175.0,01010620367
65.0,98.0,117.0,96.0,65.0,90.0,154.0,231.0,02021032315
104.0,96.0,190.0,30.0,86.0,194.0,259.0,275.0,02021135364
64.0,66.0,92.0,118.0,65.0,74.0,127.0,142.0,02021557323
65.0,83.0,80.0,82.0,56.0,62.0,133.0,157.0,01010414319
92.0,56.0,109.0,118.0,93.0,85.0,210.0,195.0,02021139321
62.0,63.0,77.0,85.0,62.0,63.0,163.0,145.0,01010103301
70.0,127.0,250.0,185.0,106.0,105.0,221.0,251.0,02020618311
64.0,62.0,95.0,101.0,64.0,64.0,176.0,170.0,02021558305
39.0,53.0,73.0,65.0,38.0,72.0,118.0,130.0,01010621357
65.0,64.0,90.0,91.0,63.0,69.0,173.0,194.0,010103083100
44.0,59.0,122.0,84.0,34.0,63.0,136.0,145.0,02020923320
91.0,84.0,135.0,121.0,68.0,77.0,158.0,187.0,01010517333
78.0,50.0,108.0,121.0,66.0,68.0,187.0,183.0,02010306312
58.0,50.0,85.0,87.0,44.0,56.0,127.0,133.0,02010409314
61.0,43.0,98.0,89.0,11.0,51.0,172.0,207.0,02021555323
47.0,54.0,96.0,103.0,54.0,59.0,167.0,181.0,01010101327
51.0,61.0,111.0,78.0,59.0,56.0,129.0,118.0,01010414331
59.0,59.0,100.0,85.0,57.0,72.0,140.0,179.0,02021555318
46.0,42.0,83.0,92.0,40.0,60.0,146.0,150.0,01010311320
43.0,49.0,78.0,83.0,40.0,58.0,144.0,153.0,02021137324
67.0,71.0,199.0,177.0,90.0,80.0,192.0,185.0,02020616316
77.0,78.0,108.0,82.0,54.0,68.0,147.0,181.0,02021032316
69.0,32.0,66.0,56.0,53.0,34.0,89.0,98.0,02021560316
61.0,89.0,127.0,158.0,66.0,78.0,333.0,420.0,01010621307
90.0,231.0,115.0,62.0,62.0,104.0,186.0,306.0,02010510343
67.0,57.0,103.0,113.0,70.0,68.0,193.0,205.0,02021139318
46.0,45.0,59.0,67.0,47.0,53.0,124.0,132.0,01010102360
80.0,65.0,116.0,106.0,81.0,72.0,198.0,172.0,01010204303
54.0,66.0,102.0,86.0,55.0,61.0,166.0,177.0,02010510317
37.0,40.0,74.0,82.0,47.0,47.0,122.0,150.0,01010621382
90.0,97.0,129.0,97.0,65.0,101.0,146.0,161.0,02021033312
56.0,62.0,67.0,77.0,63.0,69.0,117.0,183.0,02020924309
42.0,96.0,107.0,95.0,50.0,74.0,162.0,181.0,01010206323
68.0,66.0,123.0,120.0,64.0,74.0,148.0,156.0,01010204339
92.0,69.0,94.0,111.0,91.0,84.0,176.0,166.0,01010414314
46.0,45.0,104.0,88.0,43.0,57.0,132.0,188.0,02020923305
43.0,56.0,78.0,89.0,47.0,54.0,150.0,153.0,010101023211
82.0,76.0,132.0,143.0,74.0,78.0,201.0,189.0,01010309383
49.0,44.0,83.0,87.0,49.0,51.0,109.0,135.0,02010305322
40.0,49.0,103.0,94.0,48.0,65.0,116.0,123.0,01010310369
223.0,113.0,55.0,92.0,84.0,36.0,11.0,162.0,02010408327
95.0,84.0,151.0,150.0,86.0,99.0,202.0,185.0,02021136318
92.0,110.0,153.0,126.0,85.0,99.0,194.0,253.0,02021029308
48.0,56.0,121.0,157.0,78.0,62.0,133.0,168.0,01010518324
107.0,134.0,183.0,152.0,71.0,157.0,229.0,320.0,02020615323
71.0,44.0,144.0,153.0,62.0,91.0,155.0,170.0,01010205324
64.0,71.0,140.0,99.0,78.0,79.0,164.0,138.0,01010204347
39.0,62.0,87.0,80.0,48.0,76.0,118.0,128.0,01010309322
55.0,66.0,99.0,109.0,58.0,64.0,154.0,199.0,02021558315
73.0,68.0,94.0,89.0,80.0,78.0,194.0,203.0,01010620378
51.0,60.0,97.0,101.0,53.0,67.0,167.0,154.0,02010306307
57.0,48.0,85.0,90.0,52.0,41.0,169.0,173.0,02010409339
53.0,53.0,71.0,75.0,66.0,56.0,155.0,123.0,02010513317
127.0,103.0,159.0,141.0,70.0,80.0,222.0,245.0,02021027315
89.0,120.0,147.0,149.0,89.0,100.0,165.0,210.0,01010207381
65.0,91.0,169.0,167.0,97.0,69.0,147.0,169.0,02021033305
74.0,70.0,105.0,126.0,85.0,82.0,186.0,162.0,01010206310
51.0,55.0,81.0,96.0,54.0,57.0,170.0,205.0,02021555309
60.0,40.0,82.0,105.0,61.0,42.0,128.0,152.0,010103083109
71.0,106.0,130.0,108.0,66.0,63.0,127.0,186.0,02021033301
45.0,58.0,63.0,66.0,46.0,52.0,99.0,132.0,02010203310
66.0,44.0,100.0,98.0,61.0,56.0,122.0,146.0,02020925308
51.0,69.0,113.0,87.0,60.0,67.0,113.0,156.0,02021034305
52.0,59.0,94.0,83.0,54.0,47.0,192.0,185.0,02021555317
70.0,64.0,79.0,77.0,66.0,69.0,237.0,308.0,01010204329
79.0,109.0,156.0,131.0,73.0,74.0,184.0,198.0,02021027333
36.0,33.0,123.0,100.0,51.0,54.0,97.0,133.0,02021034351
68.0,73.0,113.0,104.0,71.0,80.0,157.0,149.0,01010102338
64.0,73.0,120.0,96.0,70.0,72.0,157.0,169.0,01010204356
89.0,47.0,105.0,126.0,62.0,69.0,140.0,173.0,02021137330
46.0,79.0,89.0,95.0,77.0,74.0,151.0,205.0,02021248336
34.0,47.0,69.0,84.0,42.0,56.0,147.0,132.0,010101023167
63.0,70.0,89.0,91.0,44.0,68.0,110.0,175.0,02010510328
65.0,50.0,103.0,88.0,58.0,68.0,152.0,153.0,01010204353
61.0,83.0,134.0,137.0,78.0,84.0,185.0,168.0,01010620359
27.0,29.0,61.0,71.0,24.0,35.0,71.0,78.0,01010205354
70.0,91.0,139.0,163.0,55.0,69.0,158.0,198.0,01010518318
73.0,65.0,118.0,128.0,79.0,88.0,259.0,198.0,01010516304
57.0,54.0,121.0,127.0,68.0,60.0,159.0,134.0,010106213141
61.0,89.0,110.0,91.0,59.0,106.0,135.0,144.0,01010309324
77.0,72.0,110.0,117.0,69.0,88.0,220.0,207.0,02021139326
55.0,57.0,140.0,122.0,63.0,56.0,179.0,166.0,01010414320
53.0,56.0,86.0,81.0,41.0,78.0,141.0,132.0,02020822349
103.0,101.0,158.0,152.0,87.0,82.0,218.0,267.0,02021136305
64.0,66.0,136.0,110.0,66.0,65.0,145.0,159.0,01010310309
68.0,53.0,90.0,82.0,49.0,63.0,141.0,143.0,02020926302
57.0,37.0,85.0,99.0,61.0,41.0,167.0,192.0,01010102384
66.0,62.0,74.0,98.0,64.0,54.0,131.0,147.0,01010620376
44.0,169.0,373.0,89.0,70.0,66.0,185.0,243.0,02020615315
60.0,69.0,123.0,147.0,61.0,78.0,205.0,255.0,02010510312
55.0,67.0,97.0,83.0,67.0,88.0,182.0,202.0,02020822318
54.0,82.0,100.0,110.0,62.0,47.0,156.0,172.0,010101033121
65.0,51.0,94.0,106.0,50.0,63.0,184.0,211.0,01010414329
52.0,51.0,76.0,91.0,35.0,38.0,147.0,166.0,02021558302
104.0,79.0,144.0,161.0,85.0,80.0,160.0,199.0,01010207339
60.0,57.0,79.0,77.0,70.0,68.0,139.0,152.0,01010309382
99.0,144.0,151.0,189.0,71.0,84.0,191.0,230.0,02020617313
3.0,210.0,97.0,143.0,0.0,25.0,244.0,147.0,02021032335
61.0,56.0,73.0,81.0,56.0,71.0,130.0,139.0,02021135303
62.0,66.0,99.0,122.0,60.0,76.0,157.0,155.0,02021138321
46.0,65.0,101.0,97.0,43.0,72.0,136.0,138.0,01010620363
56.0,61.0,111.0,93.0,66.0,82.0,158.0,186.0,02020822319
63.0,72.0,99.0,111.0,66.0,79.0,173.0,170.0,01010620306
104.0,120.0,233.0,172.0,57.0,127.0,205.0,304.0,02020616302
51.0,49.0,102.0,111.0,60.0,56.0,166.0,164.0,01010412354
56.0,46.0,132.0,133.0,56.0,52.0,149.0,133.0,02020925301
70.0,104.0,161.0,147.0,83.0,71.0,163.0,200.0,02020614316
90.0,71.0,99.0,98.0,77.0,71.0,219.0,186.0,02021139325
49.0,50.0,92.0,79.0,54.0,51.0,136.0,137.0,01010413316
100.0,118.0,157.0,148.0,89.0,93.0,172.0,198.0,02021033324
60.0,68.0,122.0,117.0,67.0,75.0,186.0,186.0,02010409307
57.0,51.0,73.0,78.0,41.0,52.0,168.0,186.0,02021240318
72.0,63.0,164.0,148.0,60.0,70.0,127.0,191.0,01010207336
54.0,61.0,105.0,100.0,62.0,75.0,186.0,188.0,02021138326
41.0,95.0,182.0,123.0,96.0,81.0,121.0,244.0,02021242303
66.0,57.0,84.0,90.0,67.0,56.0,167.0,166.0,01010206315
47.0,45.0,81.0,84.0,37.0,44.0,93.0,110.0,02021556335
73.0,60.0,88.0,90.0,66.0,77.0,142.0,148.0,02010306309
64.0,64.0,93.0,90.0,51.0,72.0,157.0,206.0,02021138320
60.0,64.0,104.0,97.0,61.0,67.0,143.0,147.0,01010311324
68.0,53.0,88.0,92.0,61.0,45.0,148.0,153.0,02020924303
64.0,52.0,105.0,100.0,54.0,66.0,146.0,145.0,01010621364
69.0,62.0,105.0,92.0,65.0,70.0,147.0,132.0,01010205302
97.0,99.0,171.0,135.0,93.0,91.0,229.0,255.0,02021027307
63.0,158.0,85.0,273.0,48.0,135.0,230.0,333.0,01010413355
51.0,41.0,66.0,65.0,53.0,49.0,162.0,181.0,02021243304
48.0,68.0,80.0,99.0,47.0,59.0,157.0,137.0,01010620372
75.0,69.0,92.0,96.0,63.0,56.0,164.0,143.0,02020923313
57.0,45.0,80.0,89.0,71.0,59.0,147.0,156.0,02020822335
67.0,71.0,88.0,79.0,55.0,72.0,151.0,150.0,01010414321
48.0,61.0,82.0,83.0,39.0,52.0,127.0,187.0,01010308387
48.0,68.0,81.0,90.0,43.0,60.0,119.0,140.0,02010202327
48.0,52.0,68.0,62.0,31.0,54.0,139.0,139.0,02010510335
96.0,106.0,87.0,137.0,84.0,71.0,145.0,205.0,01010207316
80.0,80.0,151.0,140.0,86.0,79.0,277.0,199.0,01010102376
61.0,47.0,101.0,107.0,63.0,55.0,159.0,149.0,02010409309
55.0,48.0,108.0,96.0,55.0,64.0,164.0,174.0,010101013100
127.0,125.0,225.0,206.0,140.0,85.0,437.0,380.0,02021033319
58.0,61.0,101.0,85.0,62.0,58.0,129.0,121.0,01010621347
184.0,161.0,372.0,215.0,160.0,125.0,348.0,351.0,02020615321
57.0,55.0,124.0,85.0,47.0,45.0,147.0,121.0,02021560315
80.0,97.0,130.0,115.0,85.0,98.0,186.0,190.0,02020926312
41.0,64.0,52.0,210.0,66.0,33.0,113.0,220.0,02020617352
50.0,52.0,84.0,80.0,43.0,59.0,113.0,137.0,02021556350
73.0,68.0,114.0,107.0,74.0,73.0,195.0,221.0,02021135306
74.0,86.0,106.0,109.0,69.0,84.0,166.0,161.0,01010620340
93.0,64.0,103.0,103.0,73.0,76.0,159.0,167.0,010101013103
108.0,118.0,128.0,155.0,86.0,85.0,150.0,261.0,02021136315
65.0,77.0,133.0,92.0,79.0,53.0,135.0,124.0,01010517336
58.0,52.0,104.0,105.0,58.0,59.0,167.0,159.0,010101023147
56.0,51.0,125.0,87.0,53.0,46.0,146.0,98.0,02010512331
44.0,52.0,81.0,72.0,52.0,45.0,143.0,165.0,02021137306
83.0,62.0,87.0,83.0,86.0,68.0,154.0,179.0,01010204357
48.0,54.0,63.0,67.0,39.0,56.0,116.0,152.0,01010414356
57.0,50.0,85.0,109.0,52.0,55.0,130.0,164.0,01010414336
59.0,69.0,76.0,102.0,61.0,80.0,143.0,183.0,01010620368
51.0,53.0,65.0,82.0,49.0,53.0,135.0,128.0,01010619303
85.0,92.0,156.0,164.0,72.0,71.0,179.0,241.0,02021032314
94.0,59.0,169.0,142.0,50.0,73.0,187.0,204.0,02020617341
46.0,42.0,81.0,54.0,46.0,50.0,116.0,98.0,02010409302
44.0,48.0,65.0,62.0,37.0,58.0,125.0,159.0,02021240301
48.0,61.0,79.0,93.0,53.0,59.0,141.0,130.0,010101023162
59.0,87.0,139.0,135.0,60.0,84.0,128.0,166.0,02021136302
44.0,74.0,100.0,152.0,45.0,66.0,115.0,181.0,02020925307
57.0,49.0,79.0,82.0,51.0,57.0,142.0,147.0,02010306316
73.0,78.0,112.0,107.0,70.0,66.0,190.0,193.0,01010207333
65.0,59.0,95.0,110.0,55.0,55.0,212.0,189.0,02021138327
38.0,60.0,110.0,101.0,45.0,86.0,151.0,182.0,01010515310
79.0,53.0,97.0,103.0,73.0,73.0,217.0,184.0,01010619345
81.0,76.0,111.0,120.0,73.0,79.0,130.0,147.0,01010308328
86.0,76.0,93.0,115.0,75.0,93.0,177.0,172.0,02021138324
66.0,76.0,105.0,94.0,71.0,68.0,135.0,167.0,01010309313
60.0,48.0,113.0,105.0,58.0,65.0,174.0,150.0,02021242308
54.0,60.0,113.0,83.0,59.0,49.0,173.0,174.0,02010409333
55.0,47.0,66.0,76.0,60.0,55.0,148.0,146.0,02021137328
81.0,45.0,116.0,102.0,88.0,49.0,183.0,171.0,01010620364
63.0,90.0,204.0,133.0,120.0,52.0,214.0,183.0,02020615319
54.0,52.0,79.0,80.0,37.0,60.0,174.0,182.0,02021137307
62.0,63.0,93.0,111.0,58.0,76.0,201.0,200.0,02021557325
47.0,188.0,52.0,137.0,0.0,147.0,147.0,197.0,01010412375
70.0,77.0,103.0,119.0,72.0,76.0,172.0,212.0,02021135345
57.0,68.0,97.0,108.0,54.0,78.0,133.0,175.0,02021135332
53.0,58.0,92.0,80.0,71.0,44.0,122.0,142.0,01010515322
68.0,81.0,111.0,93.0,68.0,81.0,143.0,180.0,02010409313
78.0,89.0,161.0,154.0,82.0,86.0,152.0,187.0,01010207313
8.0,137.0,156.0,3.0,55.0,110.0,223.0,244.0,02021139345
40.0,40.0,86.0,78.0,38.0,42.0,111.0,149.0,01010619304
68.0,101.0,140.0,130.0,72.0,83.0,158.0,206.0,02021028303
57.0,60.0,96.0,106.0,60.0,70.0,168.0,151.0,01010205345
35.0,60.0,111.0,94.0,37.0,58.0,104.0,148.0,02020822320
74.0,66.0,20.0,51.0,63.0,59.0,150.0,149.0,01010308382
71.0,86.0,121.0,97.0,66.0,80.0,144.0,154.0,02021027331
58.0,66.0,85.0,98.0,71.0,74.0,240.0,156.0,01010619314
55.0,58.0,83.0,82.0,56.0,70.0,137.0,144.0,02010409330
43.0,78.0,152.0,140.0,38.0,92.0,133.0,166.0,01010518334
49.0,27.0,95.0,99.0,58.0,63.0,125.0,154.0,01010103321
61.0,58.0,83.0,102.0,58.0,64.0,126.0,212.0,010101013135
57.0,80.0,132.0,121.0,70.0,65.0,144.0,187.0,02021034321
33.0,61.0,75.0,90.0,35.0,68.0,138.0,153.0,02020822326
59.0,47.0,84.0,119.0,47.0,43.0,95.0,210.0,02010408323
32.0,27.0,69.0,59.0,42.0,27.0,122.0,100.0,01010621359
73.0,69.0,99.0,92.0,64.0,88.0,182.0,149.0,01010619354
59.0,71.0,128.0,151.0,28.0,67.0,150.0,238.0,02020615325
76.0,97.0,108.0,108.0,78.0,98.0,203.0,212.0,02021032328
76.0,76.0,126.0,138.0,56.0,67.0,215.0,209.0,02010513318
66.0,75.0,81.0,89.0,65.0,63.0,186.0,203.0,01010414325
94.0,126.0,148.0,130.0,95.0,76.0,166.0,161.0,02021136319
55.0,56.0,81.0,84.0,60.0,58.0,169.0,139.0,01010412335
62.0,75.0,103.0,94.0,52.0,80.0,168.0,224.0,02021139313
89.0,105.0,107.0,123.0,87.0,97.0,230.0,234.0,02021135319
29.0,107.0,134.0,132.0,62.0,66.0,164.0,186.0,02021242301
86.0,111.0,122.0,141.0,62.0,59.0,182.0,203.0,02020618336
52.0,55.0,102.0,79.0,55.0,51.0,133.0,149.0,01010411309
33.0,41.0,77.0,78.0,42.0,48.0,112.0,120.0,01010621309
79.0,89.0,151.0,141.0,74.0,74.0,163.0,176.0,02020925315
55.0,82.0,161.0,139.0,84.0,80.0,184.0,222.0,02021033304
73.0,52.0,96.0,100.0,60.0,69.0,139.0,155.0,01010206341
92.0,97.0,111.0,131.0,82.0,89.0,197.0,185.0,02020821314
80.0,76.0,85.0,98.0,77.0,80.0,176.0,155.0,01010308321
60.0,65.0,180.0,178.0,47.0,63.0,197.0,235.0,02020923312
51.0,59.0,127.0,143.0,54.0,57.0,160.0,184.0,02021556345
41.0,34.0,54.0,68.0,42.0,46.0,82.0,97.0,02010512319
65.0,82.0,157.0,131.0,50.0,66.0,187.0,189.0,02021027321
74.0,57.0,122.0,136.0,49.0,90.0,155.0,265.0,01010207366
59.0,84.0,97.0,92.0,75.0,94.0,181.0,210.0,02021135327
44.0,72.0,113.0,165.0,64.0,61.0,177.0,242.0,01010517339
81.0,32.0,97.0,147.0,66.0,94.0,436.0,378.0,02021139333
77.0,78.0,173.0,132.0,83.0,84.0,173.0,217.0,02021032301
81.0,61.0,158.0,128.0,53.0,63.0,183.0,155.0,02021027301
74.0,75.0,152.0,154.0,75.0,70.0,238.0,188.0,01010311319
65.0,57.0,108.0,114.0,67.0,60.0,144.0,159.0,01010205315
57.0,57.0,92.0,95.0,54.0,58.0,156.0,155.0,02021137325
41.0,61.0,90.0,91.0,35.0,40.0,140.0,173.0,02021136333
54.0,66.0,133.0,125.0,47.0,77.0,166.0,257.0,02020822327
59.0,50.0,113.0,131.0,57.0,72.0,120.0,132.0,01010413320
60.0,70.0,82.0,92.0,60.0,74.0,144.0,194.0,01010620307
70.0,66.0,85.0,89.0,66.0,69.0,165.0,236.0,02021557311
43.0,43.0,67.0,96.0,46.0,58.0,112.0,114.0,010101023175
82.0,96.0,151.0,139.0,86.0,62.0,199.0,220.0,02021027332
85.0,112.0,126.0,112.0,78.0,84.0,228.0,229.0,01010518315
46.0,55.0,94.0,104.0,51.0,73.0,149.0,186.0,02010101313
70.0,64.0,79.0,83.0,61.0,63.0,134.0,141.0,01010103305
38.0,44.0,62.0,74.0,42.0,56.0,126.0,142.0,02021243311
95.0,109.0,110.0,178.0,82.0,84.0,163.0,214.0,02020614313
37.0,67.0,104.0,124.0,55.0,67.0,122.0,169.0,02021033336
46.0,50.0,112.0,129.0,46.0,47.0,145.0,121.0,010101033146
75.0,91.0,106.0,115.0,62.0,95.0,126.0,143.0,01010517308
46.0,45.0,85.0,73.0,44.0,46.0,106.0,103.0,02010203301
41.0,68.0,104.0,84.0,58.0,49.0,131.0,114.0,02021028322
73.0,52.0,107.0,96.0,68.0,67.0,180.0,173.0,01010101333
33.0,45.0,198.0,124.0,58.0,55.0,194.0,198.0,02020720305
60.0,45.0,73.0,72.0,55.0,52.0,165.0,157.0,02010306317
97.0,47.0,125.0,132.0,78.0,76.0,191.0,207.0,02021139319
74.0,144.0,212.0,134.0,72.0,84.0,257.0,191.0,02020618308
48.0,37.0,68.0,69.0,40.0,52.0,100.0,150.0,02010408307
63.0,72.0,138.0,169.0,74.0,71.0,144.0,167.0,02021242304
61.0,55.0,81.0,66.0,54.0,40.0,99.0,121.0,02010101306
57.0,40.0,68.0,90.0,57.0,47.0,119.0,132.0,02020821328
68.0,46.0,90.0,96.0,60.0,54.0,162.0,145.0,01010204316
54.0,50.0,73.0,82.0,46.0,43.0,128.0,142.0,02010304312
72.0,72.0,233.0,171.0,139.0,68.0,223.0,182.0,02020615317
65.0,71.0,63.0,81.0,71.0,91.0,148.0,156.0,02021241318
63.0,62.0,104.0,105.0,76.0,71.0,163.0,145.0,01010620325
42.0,61.0,113.0,151.0,72.0,69.0,134.0,159.0,02021027336
71.0,75.0,95.0,93.0,69.0,78.0,187.0,204.0,01010412356
58.0,55.0,97.0,102.0,64.0,60.0,132.0,127.0,01010619346
67.0,62.0,123.0,123.0,57.0,81.0,183.0,182.0,01010103359
45.0,43.0,92.0,76.0,42.0,38.0,124.0,161.0,02021241316
93.0,48.0,104.0,105.0,87.0,91.0,168.0,175.0,01010413306
72.0,75.0,76.0,93.0,55.0,61.0,159.0,142.0,01010206338
89.0,92.0,142.0,120.0,88.0,82.0,187.0,247.0,02021027328
85.0,65.0,107.0,101.0,77.0,80.0,162.0,185.0,02021135336
53.0,51.0,62.0,59.0,42.0,53.0,123.0,131.0,02021030310
51.0,55.0,89.0,89.0,55.0,61.0,176.0,184.0,02020923306
84.0,91.0,147.0,209.0,104.0,90.0,159.0,226.0,01010207315
64.0,66.0,74.0,87.0,55.0,74.0,138.0,182.0,01010311334
24.0,193.0,232.0,261.0,53.0,175.0,365.0,585.0,02010202331
60.0,63.0,89.0,86.0,40.0,57.0,159.0,162.0,01010103328
73.0,55.0,186.0,127.0,81.0,65.0,194.0,191.0,02021027313
55.0,60.0,73.0,75.0,57.0,65.0,113.0,148.0,02021241303
69.0,71.0,83.0,107.0,75.0,74.0,145.0,149.0,02010306321
53.0,53.0,81.0,90.0,55.0,33.0,173.0,183.0,02020821323
92.0,76.0,156.0,113.0,68.0,68.0,111.0,275.0,02021028302
82.0,71.0,140.0,123.0,91.0,73.0,158.0,189.0,02021027303
40.0,51.0,125.0,124.0,62.0,49.0,126.0,172.0,01010517344
72.0,25.0,97.0,113.0,62.0,35.0,209.0,210.0,02021030305
60.0,59.0,139.0,160.0,63.0,61.0,185.0,189.0,01010101366
87.0,133.0,98.0,148.0,87.0,84.0,160.0,190.0,02020720304
84.0,103.0,123.0,208.0,73.0,96.0,179.0,264.0,02020617320
45.0,83.0,65.0,91.0,5.0,80.0,136.0,218.0,02020821322
57.0,49.0,65.0,68.0,57.0,54.0,117.0,160.0,02010409352
72.0,76.0,98.0,106.0,71.0,97.0,147.0,218.0,02021139323
78.0,75.0,100.0,90.0,70.0,71.0,135.0,145.0,02020925305
71.0,60.0,168.0,130.0,68.0,67.0,184.0,181.0,02021137303
85.0,98.0,160.0,150.0,83.0,75.0,156.0,230.0,02021136330
59.0,57.0,117.0,101.0,69.0,65.0,195.0,166.0,01010621373
70.0,56.0,114.0,121.0,66.0,53.0,202.0,201.0,01010205326
45.0,64.0,97.0,110.0,37.0,57.0,144.0,164.0,010101033115
56.0,51.0,99.0,105.0,46.0,61.0,137.0,147.0,010101013189
84.0,125.0,100.0,142.0,83.0,85.0,164.0,204.0,01010308361
65.0,70.0,90.0,109.0,63.0,55.0,154.0,168.0,02020924318
109.0,43.0,123.0,124.0,23.0,48.0,177.0,164.0,01010518319
64.0,56.0,80.0,98.0,61.0,67.0,163.0,173.0,02021240323
68.0,63.0,80.0,82.0,55.0,73.0,159.0,176.0,01010102354
47.0,45.0,70.0,69.0,52.0,52.0,116.0,138.0,01010309396
82.0,92.0,91.0,96.0,77.0,73.0,140.0,198.0,01010518327
53.0,48.0,77.0,104.0,58.0,38.0,122.0,133.0,02021560313
66.0,38.0,101.0,97.0,61.0,62.0,171.0,200.0,02021030315
54.0,58.0,122.0,107.0,63.0,67.0,180.0,189.0,01010101324
83.0,68.0,94.0,121.0,85.0,73.0,209.0,224.0,02021135305
76.0,111.0,182.0,77.0,54.0,71.0,175.0,182.0,02020719301
85.0,59.0,79.0,104.0,67.0,56.0,143.0,162.0,02020617347
71.0,54.0,127.0,106.0,59.0,65.0,182.0,218.0,010101013105
59.0,66.0,95.0,99.0,54.0,63.0,140.0,160.0,01010311331
40.0,70.0,176.0,92.0,93.0,59.0,157.0,193.0,02021242311
76.0,68.0,109.0,144.0,64.0,73.0,120.0,147.0,01010621351
69.0,58.0,97.0,113.0,65.0,75.0,175.0,195.0,01010101314
58.0,60.0,116.0,117.0,72.0,69.0,167.0,169.0,02010510315
35.0,60.0,96.0,93.0,33.0,58.0,139.0,162.0,010106213112
59.0,67.0,134.0,133.0,71.0,93.0,184.0,241.0,01010412345
63.0,65.0,95.0,83.0,60.0,76.0,163.0,175.0,02021137316
84.0,82.0,100.0,97.0,72.0,89.0,196.0,239.0,02010307304
85.0,71.0,94.0,102.0,66.0,70.0,168.0,143.0,01010309392
43.0,41.0,91.0,55.0,49.0,47.0,78.0,124.0,01010102388
49.0,52.0,98.0,77.0,55.0,62.0,177.0,170.0,01010413335
77.0,164.0,35.0,123.0,94.0,93.0,151.0,290.0,02010511305
51.0,58.0,95.0,102.0,46.0,49.0,133.0,178.0,02021557306
49.0,53.0,82.0,98.0,50.0,52.0,173.0,189.0,02021560301
83.0,77.0,151.0,155.0,84.0,84.0,152.0,209.0,01010207304
79.0,82.0,120.0,101.0,85.0,91.0,168.0,153.0,01010204363
111.0,103.0,224.0,218.0,110.0,87.0,188.0,200.0,02021032312
63.0,71.0,192.0,144.0,93.0,65.0,170.0,188.0,02020618329
54.0,53.0,86.0,92.0,39.0,42.0,128.0,159.0,010106193133
59.0,51.0,78.0,80.0,40.0,51.0,121.0,133.0,01010414354
53.0,60.0,116.0,117.0,69.0,61.0,151.0,191.0,01010518322
59.0,57.0,92.0,97.0,64.0,63.0,189.0,190.0,01010310351
58.0,66.0,85.0,96.0,57.0,46.0,159.0,197.0,02021240315
66.0,72.0,105.0,112.0,73.0,81.0,168.0,156.0,01010620314
48.0,54.0,88.0,72.0,62.0,38.0,153.0,146.0,01010308385
44.0,44.0,69.0,71.0,46.0,41.0,118.0,105.0,02010511320
57.0,64.0,91.0,109.0,67.0,65.0,139.0,142.0,02010408335
135.0,66.0,125.0,142.0,77.0,65.0,123.0,179.0,02020617302
54.0,48.0,99.0,104.0,59.0,76.0,121.0,120.0,01010308315
47.0,47.0,78.0,86.0,34.0,39.0,111.0,120.0,02021243305
63.0,63.0,121.0,143.0,51.0,74.0,174.0,188.0,01010310359
72.0,80.0,99.0,96.0,58.0,74.0,187.0,219.0,02021029312
57.0,57.0,78.0,101.0,38.0,58.0,202.0,126.0,02021557312
63.0,70.0,73.0,78.0,64.0,65.0,174.0,170.0,01010206326
65.0,92.0,126.0,141.0,54.0,93.0,147.0,232.0,02020616318
82.0,76.0,140.0,135.0,72.0,71.0,171.0,204.0,01010518310
41.0,41.0,82.0,81.0,45.0,50.0,113.0,142.0,01010414355
51.0,56.0,92.0,107.0,42.0,47.0,209.0,197.0,02010510301
40.0,43.0,69.0,80.0,52.0,47.0,116.0,128.0,02010203304
140.0,173.0,323.0,290.0,24.0,260.0,87.0,352.0,02021139332
69.0,39.0,89.0,92.0,49.0,59.0,156.0,147.0,02010306319
81.0,73.0,112.0,118.0,72.0,81.0,185.0,196.0,01010309389
87.0,116.0,205.0,193.0,74.0,78.0,208.0,237.0,02020616306
59.0,50.0,84.0,80.0,63.0,56.0,118.0,111.0,01010102323
69.0,61.0,95.0,110.0,70.0,65.0,163.0,160.0,02021135337
61.0,61.0,102.0,99.0,56.0,74.0,198.0,248.0,01010620350
71.0,74.0,95.0,96.0,63.0,78.0,143.0,160.0,01010414309
33.0,62.0,78.0,82.0,52.0,64.0,158.0,193.0,01010206366
52.0,60.0,104.0,119.0,58.0,54.0,147.0,196.0,01010103361
57.0,72.0,91.0,85.0,73.0,81.0,144.0,153.0,01010621313
88.0,83.0,118.0,133.0,83.0,69.0,184.0,186.0,02010305312
80.0,124.0,156.0,137.0,96.0,73.0,175.0,208.0,01010207329
71.0,81.0,113.0,110.0,75.0,88.0,173.0,210.0,02021139329
68.0,53.0,109.0,69.0,76.0,69.0,146.0,141.0,01010101395
26.0,45.0,150.0,96.0,37.0,48.0,148.0,166.0,02020617324
74.0,122.0,129.0,180.0,72.0,99.0,200.0,224.0,02021027306
86.0,66.0,86.0,94.0,100.0,66.0,199.0,189.0,02010306318
95.0,94.0,187.0,158.0,95.0,95.0,199.0,268.0,02021136308
55.0,67.0,79.0,103.0,47.0,63.0,136.0,156.0,02020925303
67.0,53.0,86.0,107.0,59.0,63.0,211.0,398.0,01010308339
58.0,63.0,109.0,103.0,62.0,57.0,196.0,189.0,02021139320
36.0,36.0,94.0,96.0,40.0,38.0,106.0,106.0,010101023149
47.0,44.0,89.0,62.0,30.0,45.0,99.0,143.0,02010101312
59.0,51.0,77.0,100.0,54.0,56.0,150.0,165.0,01010310360
93.0,96.0,137.0,120.0,77.0,76.0,270.0,252.0,01010207337
80.0,69.0,111.0,149.0,54.0,62.0,159.0,184.0,02021028311
56.0,55.0,77.0,83.0,52.0,64.0,158.0,160.0,02021555305
39.0,40.0,41.0,53.0,38.0,47.0,132.0,81.0,02021243307
83.0,57.0,104.0,111.0,74.0,73.0,178.0,146.0,01010620316
76.0,88.0,125.0,111.0,72.0,88.0,186.0,215.0,01010309308
72.0,100.0,112.0,134.0,82.0,66.0,144.0,175.0,02021034315
43.0,47.0,79.0,83.0,48.0,51.0,133.0,133.0,02020925310
68.0,71.0,88.0,95.0,78.0,81.0,231.0,255.0,01010309376
46.0,41.0,102.0,133.0,45.0,50.0,173.0,164.0,02020926303
81.0,81.0,97.0,90.0,77.0,87.0,195.0,199.0,01010515318
38.0,43.0,64.0,57.0,54.0,61.0,123.0,150.0,02020822345
38.0,50.0,85.0,99.0,42.0,49.0,123.0,121.0,02010101311
77.0,75.0,100.0,109.0,83.0,83.0,171.0,215.0,01010309325
61.0,69.0,94.0,99.0,62.0,64.0,191.0,173.0,01010619320
90.0,45.0,117.0,112.0,52.0,71.0,165.0,206.0,02021557314
48.0,44.0,85.0,70.0,62.0,38.0,126.0,117.0,02021560318
31.0,56.0,65.0,73.0,49.0,54.0,87.0,130.0,01010103381
53.0,65.0,162.0,126.0,83.0,63.0,131.0,157.0,01010517314
66.0,60.0,111.0,87.0,59.0,78.0,160.0,164.0,01010103368
51.0,46.0,79.0,80.0,50.0,54.0,100.0,125.0,02010409310
100.0,105.0,107.0,134.0,72.0,76.0,178.0,207.0,02021028308
57.0,53.0,91.0,97.0,60.0,72.0,146.0,153.0,01010101336
65.0,63.0,104.0,144.0,65.0,92.0,172.0,224.0,02020924311
70.0,63.0,132.0,106.0,72.0,70.0,147.0,151.0,01010620338
56.0,58.0,141.0,124.0,50.0,56.0,154.0,163.0,01010102381
44.0,39.0,88.0,90.0,42.0,45.0,131.0,147.0,010101023128
67.0,75.0,106.0,114.0,78.0,79.0,213.0,198.0,02021135307
47.0,59.0,97.0,109.0,54.0,68.0,130.0,157.0,02010408312
51.0,56.0,84.0,100.0,50.0,64.0,159.0,170.0,01010619352
70.0,49.0,74.0,87.0,59.0,61.0,137.0,144.0,02010408336
52.0,45.0,80.0,106.0,46.0,41.0,151.0,168.0,01010411302
52.0,124.0,168.0,201.0,51.0,112.0,184.0,234.0,02020618303
46.0,63.0,65.0,161.0,79.0,68.0,177.0,169.0,02020617358
87.0,56.0,123.0,122.0,68.0,71.0,177.0,191.0,01010412308
46.0,53.0,91.0,102.0,46.0,76.0,143.0,160.0,02020924315
63.0,62.0,99.0,97.0,59.0,67.0,142.0,175.0,02021555307
53.0,53.0,88.0,91.0,65.0,49.0,126.0,118.0,01010309379
40.0,72.0,83.0,75.0,73.0,69.0,147.0,132.0,01010413313
22.0,23.0,37.0,62.0,30.0,34.0,72.0,75.0,02021241317
58.0,94.0,141.0,122.0,83.0,47.0,110.0,169.0,02021033320
77.0,67.0,84.0,96.0,69.0,62.0,172.0,150.0,02010203303
35.0,14.0,66.0,71.0,43.0,35.0,130.0,118.0,010106213117
60.0,50.0,97.0,78.0,63.0,66.0,152.0,202.0,02010408313
34.0,37.0,82.0,62.0,19.0,40.0,110.0,138.0,02010305319
69.0,62.0,97.0,102.0,82.0,48.0,214.0,199.0,010106193139
78.0,106.0,141.0,174.0,62.0,73.0,198.0,255.0,01010207351
98.0,126.0,186.0,181.0,60.0,79.0,211.0,232.0,02020614311
82.0,83.0,138.0,131.0,64.0,77.0,171.0,199.0,02021558304
50.0,43.0,86.0,93.0,53.0,47.0,161.0,143.0,02010305307
51.0,51.0,76.0,65.0,37.0,57.0,124.0,155.0,02010512334
47.0,51.0,86.0,81.0,56.0,59.0,137.0,140.0,02010409336
160.0,23.0,137.0,26.0,88.0,46.0,153.0,483.0,02021034331
100.0,106.0,134.0,132.0,101.0,67.0,230.0,233.0,02021136309
84.0,59.0,126.0,105.0,80.0,79.0,171.0,176.0,01010204323
42.0,67.0,69.0,81.0,42.0,69.0,131.0,136.0,02020822350
81.0,92.0,146.0,136.0,81.0,75.0,211.0,219.0,02020821305
60.0,76.0,84.0,92.0,48.0,69.0,205.0,204.0,02021557308
94.0,98.0,118.0,109.0,87.0,76.0,142.0,187.0,02021029318-
70.0,77.0,90.0,91.0,100.0,83.0,139.0,160.0,01010620323
45.0,58.0,130.0,142.0,29.0,64.0,124.0,183.0,01010517342
50.0,55.0,80.0,81.0,44.0,48.0,110.0,133.0,02021555313
105.0,49.0,124.0,95.0,75.0,46.0,200.0,185.0,01010206347
66.0,76.0,71.0,67.0,51.0,248.0,114.0,169.0,02010305301
54.0,131.0,147.0,185.0,88.0,95.0,164.0,216.0,02020617328
57.0,89.0,130.0,120.0,65.0,67.0,161.0,168.0,02021027335
57.0,95.0,149.0,98.0,39.0,59.0,118.0,226.0,02020614305
94.0,100.0,154.0,170.0,91.0,98.0,187.0,233.0,02021033325
31.0,33.0,53.0,62.0,28.0,26.0,104.0,128.0,02021241306
71.0,95.0,144.0,99.0,71.0,79.0,191.0,201.0,01010308335
96.0,54.0,151.0,128.0,85.0,76.0,179.0,205.0,01010207320
58.0,50.0,83.0,82.0,62.0,45.0,180.0,166.0,02021137302
58.0,51.0,76.0,81.0,64.0,62.0,159.0,174.0,01010204327
46.0,65.0,90.0,97.0,54.0,57.0,167.0,213.0,02020925304
47.0,40.0,129.0,108.0,64.0,48.0,228.0,230.0,01010206314
82.0,104.0,136.0,148.0,90.0,72.0,214.0,209.0,02020615313
124.0,87.0,178.0,189.0,92.0,74.0,169.0,192.0,02020616314
25.0,22.0,74.0,75.0,42.0,25.0,95.0,87.0,02010202301
45.0,55.0,63.0,65.0,38.0,45.0,137.0,148.0,02010101302
98.0,71.0,139.0,103.0,79.0,85.0,167.0,180.0,01010412374
58.0,58.0,90.0,80.0,64.0,57.0,152.0,162.0,02010510323
46.0,39.0,66.0,82.0,53.0,54.0,128.0,122.0,02010409324
70.0,66.0,80.0,92.0,59.0,73.0,193.0,179.0,01010103302
70.0,67.0,91.0,93.0,50.0,66.0,191.0,206.0,02021557319
56.0,109.0,211.0,192.0,76.0,115.0,203.0,221.0,02020720303
35.0,38.0,69.0,62.0,40.0,41.0,117.0,123.0,010101023104
17.0,249.0,266.0,101.0,80.0,121.0,151.0,357.0,02010202307
74.0,79.0,108.0,90.0,74.0,77.0,155.0,206.0,02020822321
62.0,64.0,85.0,95.0,58.0,55.0,141.0,151.0,01010412322
56.0,74.0,116.0,103.0,70.0,67.0,154.0,150.0,010106193131
83.0,51.0,87.0,86.0,64.0,69.0,143.0,144.0,01010206320
92.0,105.0,131.0,141.0,71.0,67.0,163.0,160.0,02020614303
82.0,66.0,106.0,111.0,62.0,87.0,168.0,246.0,01010204331
51.0,57.0,93.0,78.0,48.0,64.0,107.0,131.0,010101023103
54.0,50.0,142.0,103.0,46.0,57.0,172.0,209.0,01010620309
143.0,138.0,221.0,167.0,140.0,92.0,226.0,292.0,02020615308
40.0,39.0,69.0,68.0,53.0,37.0,118.0,112.0,010106193171
46.0,57.0,85.0,98.0,50.0,58.0,133.0,160.0,01010310353
72.0,72.0,101.0,114.0,65.0,74.0,144.0,154.0,01010621308
29.0,109.0,109.0,97.0,28.0,96.0,141.0,200.0,02020614324
36.0,50.0,64.0,67.0,33.0,36.0,84.0,102.0,02010512338
77.0,107.0,127.0,121.0,45.0,52.0,193.0,210.0,02021034314
35.0,59.0,74.0,93.0,38.0,64.0,104.0,162.0,010101023124
69.0,84.0,137.0,107.0,70.0,61.0,217.0,222.0,02021027327
61.0,63.0,99.0,116.0,45.0,58.0,171.0,216.0,010101023109
56.0,64.0,90.0,75.0,67.0,82.0,159.0,204.0,02010408314
31.0,41.0,67.0,58.0,33.0,35.0,80.0,79.0,02010202305
29.0,32.0,53.0,43.0,34.0,42.0,80.0,97.0,02010512311
88.0,70.0,115.0,130.0,76.0,80.0,186.0,203.0,01010414316
105.0,133.0,180.0,184.0,36.0,90.0,158.0,227.0,02020618320
63.0,65.0,90.0,90.0,69.0,82.0,206.0,199.0,02020822336
64.0,59.0,107.0,129.0,70.0,71.0,136.0,161.0,01010101338
68.0,56.0,99.0,96.0,74.0,57.0,123.0,127.0,02021027312
55.0,63.0,106.0,93.0,43.0,66.0,128.0,148.0,01010620334
109.0,150.0,102.0,138.0,98.0,75.0,255.0,200.0,02021027316
49.0,62.0,67.0,88.0,47.0,55.0,115.0,179.0,01010412349
69.0,68.0,110.0,124.0,65.0,61.0,164.0,146.0,01010412304
81.0,87.0,148.0,154.0,68.0,83.0,166.0,179.0,02021027322
44.0,45.0,90.0,94.0,48.0,53.0,115.0,109.0,01010102389
56.0,53.0,116.0,126.0,51.0,50.0,180.0,151.0,01010103358
42.0,46.0,65.0,58.0,46.0,46.0,81.0,108.0,02021241312
68.0,94.0,146.0,128.0,78.0,81.0,160.0,252.0,02021027314
60.0,65.0,101.0,115.0,61.0,68.0,166.0,226.0,02010409338
76.0,72.0,116.0,93.0,66.0,60.0,170.0,151.0,01010412327
67.0,75.0,65.0,82.0,70.0,87.0,215.0,208.0,02021241313
55.0,56.0,87.0,83.0,49.0,56.0,119.0,129.0,01010206302
61.0,48.0,70.0,64.0,61.0,50.0,112.0,165.0,02010409317
67.0,66.0,116.0,116.0,71.0,74.0,203.0,195.0,02021240307
42.0,54.0,76.0,96.0,55.0,49.0,127.0,115.0,02010513319
82.0,85.0,91.0,99.0,76.0,93.0,177.0,248.0,02021240313
86.0,62.0,159.0,149.0,66.0,78.0,135.0,194.0,02021557320
63.0,51.0,79.0,90.0,62.0,56.0,138.0,237.0,010106213106
52.0,57.0,78.0,95.0,49.0,76.0,151.0,180.0,02010409341
76.0,53.0,125.0,95.0,75.0,53.0,195.0,178.0,01010204320
72.0,63.0,114.0,116.0,73.0,72.0,185.0,188.0,02021138314
72.0,75.0,103.0,112.0,67.0,92.0,200.0,182.0,02021135326
58.0,53.0,93.0,95.0,59.0,56.0,166.0,168.0,01010619356
64.0,58.0,101.0,102.0,73.0,32.0,179.0,120.0,01010308341
69.0,63.0,137.0,136.0,65.0,63.0,129.0,147.0,01010414339
52.0,45.0,85.0,70.0,55.0,50.0,145.0,137.0,010106193166
68.0,79.0,140.0,170.0,74.0,77.0,193.0,222.0,02021558307
40.0,71.0,124.0,133.0,30.0,37.0,137.0,175.0,02020617348
44.0,71.0,137.0,121.0,73.0,67.0,164.0,196.0,02021027329
67.0,75.0,83.0,73.0,58.0,74.0,97.0,148.0,01010206352
77.0,59.0,83.0,87.0,58.0,74.0,203.0,192.0,01010310368
84.0,64.0,99.0,92.0,73.0,95.0,226.0,216.0,02021139307
28.0,48.0,97.0,111.0,38.0,69.0,126.0,220.0,02020924304
76.0,34.0,174.0,139.0,61.0,61.0,162.0,183.0,02020617317
53.0,127.0,224.0,213.0,85.0,94.0,167.0,293.0,02020615312
43.0,36.0,63.0,62.0,49.0,48.0,98.0,106.0,02021241308
69.0,71.0,91.0,103.0,61.0,80.0,195.0,208.0,02020822303
68.0,69.0,135.0,141.0,65.0,82.0,178.0,178.0,01010620326
87.0,61.0,124.0,135.0,52.0,64.0,152.0,189.0,01010207327
58.0,51.0,83.0,80.0,62.0,50.0,157.0,172.0,01010206335
40.0,60.0,85.0,93.0,50.0,67.0,164.0,201.0,02010409342
84.0,125.0,189.0,150.0,59.0,85.0,159.0,241.0,02020616317
59.0,59.0,95.0,110.0,54.0,57.0,189.0,204.0,01010411306
24.0,47.0,93.0,96.0,30.0,48.0,132.0,167.0,02021556304
49.0,47.0,79.0,78.0,49.0,47.0,176.0,168.0,010101023200
63.0,67.0,97.0,105.0,67.0,79.0,218.0,192.0,01010413333
36.0,44.0,68.0,68.0,30.0,45.0,104.0,101.0,02010512322
19.0,50.0,116.0,121.0,24.0,66.0,143.0,158.0,01010103371
48.0,64.0,69.0,70.0,51.0,62.0,144.0,160.0,02010408328
91.0,124.0,145.0,135.0,72.0,68.0,171.0,233.0,02021029313
109.0,95.0,157.0,143.0,66.0,58.0,132.0,182.0,02020617322
73.0,70.0,90.0,98.0,69.0,74.0,174.0,214.0,01010103343
55.0,58.0,92.0,94.0,63.0,65.0,129.0,130.0,01010308326
59.0,69.0,112.0,100.0,65.0,65.0,194.0,186.0,02021135313
75.0,69.0,121.0,130.0,62.0,79.0,153.0,188.0,02021556342
65.0,55.0,101.0,100.0,63.0,64.0,168.0,159.0,01010311322
62.0,75.0,130.0,138.0,63.0,79.0,215.0,248.0,02021033308
78.0,105.0,183.0,191.0,56.0,78.0,196.0,196.0,02021242313
101.0,90.0,157.0,152.0,58.0,137.0,213.0,201.0,02021033311
72.0,47.0,144.0,110.0,73.0,44.0,169.0,137.0,01010206304
55.0,59.0,106.0,102.0,57.0,59.0,138.0,164.0,01010101363
71.0,122.0,238.0,151.0,41.0,58.0,143.0,240.0,02020615304
63.0,62.0,86.0,120.0,48.0,59.0,118.0,131.0,02020822313
98.0,55.0,87.0,85.0,67.0,68.0,156.0,196.0,02021137321
63.0,62.0,91.0,94.0,73.0,73.0,155.0,143.0,01010309375
73.0,82.0,95.0,108.0,73.0,85.0,166.0,136.0,02021557326
66.0,74.0,84.0,79.0,69.0,55.0,185.0,165.0,02021138305
71.0,75.0,116.0,102.0,55.0,82.0,174.0,214.0,02021136314
89.0,77.0,132.0,137.0,69.0,76.0,195.0,191.0,02020821303
61.0,54.0,115.0,105.0,52.0,70.0,151.0,148.0,02021032325
69.0,87.0,99.0,113.0,37.0,43.0,93.0,186.0,02021028305
47.0,29.0,89.0,97.0,59.0,55.0,148.0,197.0,010106193143
91.0,98.0,159.0,117.0,92.0,72.0,200.0,254.0,02021032307
79.0,124.0,238.0,143.0,93.0,65.0,194.0,233.0,02020618310
47.0,47.0,68.0,70.0,50.0,40.0,110.0,131.0,010101023163
67.0,94.0,144.0,117.0,80.0,73.0,155.0,182.0,02021027330
54.0,81.0,116.0,135.0,62.0,61.0,168.0,189.0,01010517319
70.0,73.0,90.0,94.0,65.0,71.0,166.0,163.0,02010101317
87.0,59.0,92.0,92.0,74.0,82.0,189.0,145.0,010106193124
47.0,56.0,79.0,80.0,51.0,70.0,149.0,143.0,01010309317
56.0,49.0,75.0,75.0,57.0,42.0,228.0,222.0,01010412364
51.0,68.0,111.0,97.0,55.0,68.0,142.0,165.0,01010620351
62.0,37.0,98.0,105.0,52.0,52.0,143.0,147.0,02010408301
75.0,108.0,151.0,160.0,80.0,80.0,162.0,200.0,02021136325
73.0,61.0,97.0,100.0,59.0,74.0,163.0,162.0,02021240316
70.0,65.0,107.0,98.0,81.0,72.0,176.0,166.0,01010414340
34.0,34.0,69.0,57.0,45.0,41.0,117.0,98.0,02010512306
77.0,69.0,83.0,85.0,84.0,77.0,160.0,168.0,02020822344
48.0,75.0,128.0,89.0,51.0,60.0,196.0,162.0,02021243310
42.0,42.0,113.0,81.0,65.0,44.0,143.0,134.0,01010205313
23.0,57.0,61.0,71.0,33.0,56.0,104.0,164.0,02021557330
51.0,47.0,94.0,81.0,49.0,48.0,129.0,155.0,02021032318
66.0,63.0,98.0,117.0,66.0,58.0,147.0,170.0,02020821317
33.0,39.0,50.0,50.0,34.0,34.0,112.0,107.0,02010513345
64.0,63.0,75.0,81.0,57.0,64.0,135.0,174.0,01010311328
49.0,45.0,98.0,118.0,57.0,53.0,116.0,146.0,01010517323
59.0,70.0,112.0,110.0,44.0,57.0,138.0,159.0,02021556328
51.0,58.0,89.0,75.0,46.0,49.0,166.0,158.0,01010308308
61.0,48.0,87.0,89.0,66.0,68.0,144.0,156.0,02020821307
83.0,88.0,119.0,120.0,75.0,62.0,189.0,202.0,01010207389
69.0,69.0,111.0,105.0,61.0,71.0,173.0,173.0,01010310340
57.0,50.0,77.0,75.0,63.0,61.0,149.0,170.0,02021135339
62.0,54.0,95.0,94.0,57.0,58.0,169.0,157.0,01010621369
45.0,47.0,80.0,82.0,45.0,60.0,154.0,203.0,02021137301
81.0,84.0,127.0,168.0,63.0,65.0,185.0,188.0,02021032319
46.0,59.0,82.0,101.0,67.0,47.0,157.0,153.0,02010409316
72.0,69.0,99.0,94.0,62.0,65.0,134.0,168.0,01010621343
56.0,44.0,78.0,77.0,60.0,55.0,148.0,220.0,01010620381
52.0,51.0,84.0,76.0,53.0,51.0,121.0,154.0,02010306313
68.0,69.0,119.0,109.0,50.0,73.0,127.0,157.0,02020925313
85.0,71.0,283.0,278.0,49.0,16.0,342.0,298.0,02021240328
70.0,60.0,92.0,61.0,55.0,37.0,154.0,160.0,01010414347
66.0,79.0,113.0,99.0,68.0,78.0,215.0,252.0,01010414332
61.0,64.0,76.0,69.0,67.0,58.0,129.0,146.0,02020822322
68.0,68.0,110.0,114.0,63.0,63.0,207.0,190.0,01010310350
62.0,60.0,92.0,95.0,59.0,62.0,142.0,178.0,02021240304
67.0,91.0,105.0,96.0,45.0,63.0,130.0,145.0,010101023145
57.0,84.0,87.0,122.0,38.0,80.0,188.0,216.0,02021242302
70.0,56.0,176.0,157.0,73.0,62.0,195.0,206.0,01010101364
78.0,82.0,99.0,117.0,69.0,67.0,145.0,173.0,01010308337
82.0,50.0,116.0,107.0,60.0,70.0,203.0,216.0,02020923304
89.0,77.0,184.0,112.0,77.0,52.0,191.0,201.0,02021027310
74.0,69.0,109.0,115.0,71.0,62.0,212.0,205.0,01010620343
59.0,111.0,119.0,134.0,94.0,68.0,128.0,190.0,02020616311
55.0,46.0,99.0,107.0,45.0,48.0,125.0,159.0,01010101346
82.0,88.0,117.0,123.0,86.0,90.0,226.0,230.0,02021135318
53.0,71.0,171.0,122.0,64.0,81.0,171.0,171.0,02020614321
57.0,56.0,109.0,112.0,57.0,55.0,157.0,173.0,02021556327
61.0,47.0,82.0,91.0,44.0,37.0,165.0,194.0,01010310362
80.0,76.0,89.0,94.0,68.0,82.0,124.0,121.0,01010619319
82.0,73.0,129.0,101.0,67.0,69.0,229.0,183.0,01010308368
33.0,65.0,290.0,314.0,47.0,62.0,215.0,459.0,02021033330
66.0,83.0,84.0,78.0,62.0,73.0,169.0,179.0,02021030321
54.0,49.0,67.0,104.0,41.0,44.0,117.0,133.0,01010413334
54.0,56.0,64.0,69.0,43.0,53.0,133.0,181.0,02010203306
65.0,107.0,92.0,80.0,48.0,91.0,139.0,192.0,01010309333
36.0,59.0,76.0,72.0,37.0,47.0,123.0,137.0,02021555315
83.0,78.0,89.0,108.0,76.0,50.0,162.0,193.0,02021032337
108.0,105.0,117.0,117.0,91.0,87.0,209.0,249.0,02021029301
84.0,119.0,126.0,117.0,105.0,56.0,210.0,242.0,02020614309
30.0,29.0,48.0,40.0,31.0,29.0,83.0,94.0,02021030309
67.0,90.0,107.0,75.0,72.0,55.0,104.0,180.0,02021136312
61.0,63.0,107.0,87.0,55.0,64.0,184.0,173.0,01010310355
54.0,0.0,139.0,18.0,57.0,0.0,86.0,65.0,01010308394
55.0,63.0,108.0,109.0,55.0,74.0,167.0,170.0,02020923308
50.0,24.0,79.0,77.0,64.0,25.0,140.0,121.0,02010202304
55.0,57.0,73.0,95.0,58.0,60.0,126.0,138.0,02010305308
79.0,83.0,166.0,123.0,72.0,77.0,173.0,195.0,01010207312
102.0,271.0,66.0,75.0,104.0,190.0,99.0,380.0,02010510316
77.0,73.0,85.0,85.0,71.0,78.0,132.0,129.0,01010206334
51.0,49.0,82.0,69.0,59.0,50.0,114.0,151.0,010101023116
65.0,79.0,143.0,116.0,58.0,72.0,141.0,175.0,01010620361
53.0,77.0,93.0,124.0,58.0,90.0,123.0,177.0,01010621306
34.0,49.0,127.0,116.0,49.0,39.0,114.0,146.0,02020925302
70.0,82.0,119.0,117.0,76.0,60.0,191.0,253.0,02020822304
59.0,72.0,78.0,85.0,60.0,70.0,145.0,179.0,02021135331
46.0,51.0,65.0,70.0,37.0,50.0,131.0,100.0,02010408317
51.0,45.0,93.0,100.0,64.0,50.0,146.0,121.0,010101023192
8.0,182.0,76.0,83.0,13.0,127.0,61.0,188.0,02021242327
35.0,47.0,62.0,76.0,42.0,49.0,129.0,120.0,01010308379
56.0,48.0,76.0,63.0,61.0,51.0,160.0,192.0,02010409357
46.0,38.0,82.0,64.0,48.0,48.0,120.0,113.0,01010205303
58.0,57.0,157.0,145.0,68.0,63.0,197.0,183.0,02020926307
69.0,65.0,104.0,86.0,57.0,76.0,159.0,213.0,02021240319
47.0,75.0,146.0,136.0,82.0,62.0,179.0,156.0,02021242316
51.0,36.0,108.0,90.0,34.0,56.0,169.0,220.0,02021558313
68.0,65.0,111.0,126.0,62.0,62.0,208.0,207.0,02021139310
64.0,58.0,119.0,131.0,75.0,68.0,164.0,144.0,02020926308
58.0,62.0,102.0,79.0,54.0,55.0,179.0,186.0,01010204336
48.0,40.0,107.0,101.0,50.0,52.0,138.0,143.0,01010102305
48.0,33.0,72.0,82.0,54.0,45.0,125.0,134.0,02010409301
75.0,64.0,86.0,88.0,78.0,66.0,147.0,228.0,02020926301
51.0,47.0,148.0,131.0,50.0,50.0,139.0,143.0,02010408325
52.0,54.0,149.0,119.0,71.0,55.0,117.0,114.0,02021030301
67.0,73.0,101.0,116.0,57.0,85.0,148.0,181.0,010101023205
61.0,61.0,117.0,132.0,43.0,63.0,146.0,136.0,01010310326
54.0,65.0,101.0,119.0,60.0,73.0,141.0,164.0,01010620353
57.0,53.0,103.0,105.0,62.0,40.0,153.0,119.0,01010205311
51.0,49.0,105.0,86.0,50.0,59.0,152.0,166.0,01010101331
56.0,56.0,92.0,91.0,53.0,67.0,147.0,186.0,010106193165
48.0,52.0,99.0,89.0,58.0,56.0,137.0,149.0,02010409325
74.0,72.0,114.0,115.0,73.0,78.0,180.0,214.0,02021138319
93.0,92.0,123.0,97.0,78.0,93.0,238.0,320.0,01010518325
64.0,61.0,101.0,107.0,57.0,69.0,152.0,152.0,02010512301
58.0,97.0,118.0,113.0,68.0,70.0,167.0,169.0,02020618321
59.0,60.0,76.0,73.0,57.0,48.0,145.0,145.0,02010305323
78.0,100.0,123.0,162.0,84.0,65.0,153.0,202.0,02020618316
80.0,76.0,145.0,138.0,81.0,55.0,169.0,219.0,02021136316
76.0,96.0,134.0,111.0,74.0,74.0,221.0,215.0,01010518303
50.0,40.0,85.0,86.0,49.0,61.0,122.0,155.0,02020923317
51.0,60.0,107.0,119.0,57.0,144.0,157.0,201.0,01010413309
47.0,53.0,82.0,78.0,49.0,53.0,142.0,164.0,01010619301
62.0,41.0,109.0,95.0,58.0,48.0,146.0,153.0,01010619302
58.0,62.0,83.0,102.0,75.0,72.0,183.0,181.0,02010306302
48.0,58.0,87.0,104.0,35.0,59.0,126.0,189.0,02020924314
58.0,74.0,92.0,77.0,55.0,77.0,136.0,199.0,01010619325
60.0,55.0,92.0,92.0,64.0,64.0,160.0,156.0,02021138316
54.0,50.0,72.0,68.0,58.0,59.0,151.0,207.0,01010412330
73.0,65.0,102.0,80.0,76.0,74.0,216.0,171.0,01010101387
67.0,68.0,99.0,91.0,69.0,78.0,155.0,204.0,010106203102
82.0,71.0,98.0,87.0,80.0,77.0,178.0,191.0,02010510337
88.0,69.0,161.0,125.0,72.0,50.0,128.0,160.0,01010207330
66.0,74.0,142.0,118.0,62.0,68.0,207.0,186.0,01010518312
77.0,70.0,95.0,104.0,63.0,69.0,228.0,230.0,01010620318
43.0,54.0,67.0,84.0,43.0,55.0,131.0,134.0,01010621371
87.0,85.0,84.0,113.0,68.0,67.0,118.0,156.0,01010207385
67.0,57.0,91.0,115.0,62.0,66.0,134.0,126.0,01010621348
49.0,60.0,82.0,95.0,58.0,54.0,141.0,185.0,02010306311
39.0,53.0,60.0,86.0,38.0,42.0,133.0,177.0,02010510349
53.0,48.0,94.0,78.0,40.0,50.0,150.0,169.0,02020925314
65.0,64.0,90.0,85.0,61.0,70.0,174.0,129.0,02010101304
54.0,55.0,81.0,91.0,56.0,54.0,150.0,141.0,01010412367
51.0,54.0,91.0,85.0,50.0,47.0,108.0,103.0,02010306305
62.0,57.0,82.0,101.0,84.0,68.0,179.0,192.0,01010309329
14.0,50.0,76.0,84.0,31.0,54.0,108.0,142.0,010101023137
62.0,74.0,108.0,95.0,66.0,78.0,166.0,180.0,01010309345
111.0,136.0,167.0,197.0,91.0,87.0,206.0,244.0,02020614310
50.0,47.0,66.0,81.0,31.0,39.0,107.0,166.0,02021557335
63.0,57.0,75.0,79.0,47.0,62.0,207.0,279.0,01010414326
70.0,69.0,116.0,95.0,70.0,56.0,191.0,190.0,01010309390
65.0,72.0,216.0,172.0,115.0,78.0,196.0,203.0,02020615318
66.0,61.0,113.0,110.0,62.0,61.0,175.0,193.0,010101023150
65.0,58.0,98.0,116.0,72.0,71.0,189.0,201.0,02021240306
65.0,71.0,127.0,113.0,66.0,78.0,154.0,160.0,01010619355
89.0,143.0,153.0,177.0,60.0,87.0,186.0,242.0,02020614308
69.0,67.0,139.0,140.0,74.0,77.0,167.0,175.0,01010311338
72.0,105.0,124.0,104.0,79.0,66.0,192.0,210.0,02021027334
41.0,42.0,108.0,64.0,28.0,45.0,182.0,141.0,02021243301
73.0,73.0,157.0,143.0,70.0,78.0,202.0,173.0,01010204373
79.0,64.0,102.0,107.0,65.0,84.0,168.0,200.0,01010310378
64.0,99.0,149.0,155.0,74.0,69.0,144.0,215.0,010102073103
62.0,60.0,147.0,163.0,67.0,64.0,183.0,165.0,02010513344
40.0,50.0,73.0,67.0,39.0,52.0,112.0,123.0,02010512308
54.0,55.0,80.0,80.0,62.0,58.0,144.0,143.0,01010621346
55.0,61.0,89.0,99.0,67.0,75.0,128.0,151.0,01010101368
109.0,113.0,262.0,199.0,93.0,71.0,201.0,221.0,02020720323
76.0,87.0,109.0,102.0,85.0,93.0,198.0,224.0,01010309339
72.0,81.0,121.0,136.0,66.0,78.0,199.0,226.0,01010414313
99.0,138.0,165.0,178.0,104.0,79.0,146.0,218.0,02020614306
29.0,50.0,60.0,116.0,49.0,32.0,161.0,137.0,02021030317
55.0,57.0,85.0,72.0,41.0,48.0,125.0,117.0,02021557301
57.0,55.0,96.0,98.0,49.0,73.0,165.0,178.0,01010620332
46.0,53.0,88.0,85.0,52.0,46.0,124.0,132.0,02021557329
76.0,100.0,134.0,136.0,70.0,74.0,186.0,184.0,02021034325
40.0,53.0,115.0,133.0,65.0,57.0,103.0,162.0,01010207334
51.0,48.0,64.0,93.0,46.0,48.0,96.0,117.0,010101023187
69.0,59.0,123.0,120.0,64.0,69.0,149.0,186.0,010101023140
54.0,56.0,108.0,116.0,57.0,74.0,172.0,175.0,01010205330
38.0,58.0,107.0,142.0,38.0,72.0,162.0,188.0,01010412332
52.0,49.0,89.0,101.0,43.0,60.0,145.0,216.0,02010510309
81.0,58.0,123.0,128.0,79.0,62.0,201.0,167.0,02021138313
82.0,72.0,94.0,107.0,95.0,82.0,195.0,184.0,02020821309
89.0,72.0,125.0,120.0,100.0,89.0,199.0,187.0,01010412342
60.0,72.0,107.0,86.0,65.0,78.0,133.0,132.0,01010412323
66.0,54.0,84.0,78.0,60.0,61.0,150.0,175.0,01010206309
59.0,56.0,85.0,73.0,59.0,61.0,142.0,144.0,02021241304
85.0,96.0,140.0,128.0,89.0,78.0,165.0,178.0,02021136311
56.0,39.0,75.0,93.0,55.0,52.0,120.0,191.0,010106213105
60.0,59.0,88.0,92.0,48.0,48.0,150.0,167.0,01010311336
56.0,122.0,208.0,118.0,62.0,70.0,141.0,194.0,02020617304
72.0,80.0,122.0,124.0,61.0,75.0,235.0,222.0,02021030308
42.0,55.0,119.0,116.0,52.0,54.0,122.0,146.0,010101023172
44.0,52.0,65.0,66.0,39.0,53.0,129.0,147.0,02020923319
70.0,56.0,85.0,105.0,71.0,66.0,222.0,212.0,02021135312
94.0,71.0,101.0,107.0,92.0,81.0,149.0,207.0,02010101305
67.0,55.0,108.0,86.0,71.0,43.0,201.0,165.0,01010308386
102.0,90.0,139.0,145.0,88.0,64.0,178.0,187.0,02021033313
56.0,83.0,217.0,102.0,14.0,96.0,151.0,211.0,02020617312
80.0,96.0,127.0,156.0,52.0,99.0,150.0,261.0,02021136320
77.0,64.0,100.0,119.0,80.0,81.0,138.0,191.0,01010206339
43.0,49.0,78.0,75.0,42.0,48.0,99.0,107.0,01010205318
65.0,89.0,105.0,89.0,59.0,59.0,168.0,218.0,02021027319
95.0,84.0,151.0,139.0,87.0,70.0,227.0,201.0,02021136321
48.0,53.0,83.0,89.0,57.0,63.0,188.0,155.0,02010409354
77.0,90.0,51.0,173.0,100.0,97.0,126.0,223.0,02020617330
38.0,42.0,65.0,61.0,36.0,31.0,88.0,86.0,02010101318
55.0,54.0,129.0,121.0,67.0,74.0,194.0,210.0,01010620384
92.0,94.0,113.0,117.0,96.0,105.0,194.0,197.0,02021135311
39.0,63.0,89.0,71.0,48.0,68.0,133.0,157.0,01010102359
60.0,53.0,95.0,107.0,59.0,63.0,171.0,168.0,01010516310
101.0,60.0,126.0,122.0,98.0,96.0,219.0,218.0,02021135348
40.0,54.0,93.0,99.0,48.0,45.0,123.0,144.0,02020822314
45.0,19.0,67.0,71.0,52.0,19.0,94.0,107.0,01010102378
87.0,102.0,147.0,138.0,101.0,85.0,200.0,185.0,02021034317
56.0,57.0,106.0,113.0,73.0,56.0,189.0,184.0,02010304309
47.0,64.0,114.0,83.0,53.0,66.0,148.0,110.0,01010102390
58.0,50.0,87.0,83.0,55.0,61.0,181.0,182.0,01010310344
70.0,73.0,79.0,113.0,61.0,63.0,161.0,219.0,01010205312
47.0,46.0,73.0,84.0,55.0,57.0,151.0,157.0,01010414348
61.0,46.0,90.0,86.0,61.0,60.0,149.0,138.0,02010409329
34.0,69.0,126.0,111.0,58.0,70.0,120.0,127.0,01010207398
36.0,56.0,80.0,90.0,36.0,59.0,147.0,175.0,01010411341
98.0,115.0,66.0,76.0,78.0,74.0,250.0,209.0,01010518323
54.0,39.0,84.0,71.0,52.0,54.0,121.0,122.0,02010409318
52.0,57.0,73.0,72.0,54.0,68.0,157.0,189.0,01010412360
69.0,71.0,98.0,98.0,64.0,68.0,155.0,142.0,01010516316
154.0,152.0,67.0,62.0,29.0,128.0,96.0,121.0,01010204387
68.0,72.0,114.0,93.0,41.0,48.0,127.0,140.0,01010517330
45.0,46.0,62.0,60.0,52.0,43.0,130.0,137.0,02010512320
73.0,57.0,120.0,100.0,67.0,74.0,186.0,234.0,01010412325
53.0,53.0,85.0,89.0,55.0,49.0,139.0,135.0,01010309393
45.0,58.0,87.0,79.0,47.0,58.0,159.0,186.0,02021240331
59.0,63.0,95.0,101.0,56.0,64.0,143.0,155.0,01010101374
64.0,69.0,133.0,144.0,62.0,68.0,180.0,195.0,01010103327
89.0,53.0,101.0,114.0,80.0,82.0,195.0,208.0,02021139322
67.0,67.0,132.0,132.0,74.0,72.0,210.0,189.0,01010204364
35.0,56.0,66.0,94.0,30.0,54.0,138.0,162.0,02021558317
62.0,70.0,122.0,110.0,54.0,71.0,190.0,181.0,02020923316
57.0,49.0,160.0,144.0,73.0,62.0,107.0,161.0,01010620311
40.0,44.0,73.0,60.0,45.0,35.0,110.0,121.0,02010304304
89.0,75.0,113.0,112.0,73.0,84.0,164.0,190.0,01010309303
57.0,54.0,100.0,99.0,75.0,53.0,172.0,186.0,02010409350
43.0,51.0,93.0,82.0,47.0,50.0,133.0,141.0,02010305310
53.0,59.0,92.0,95.0,68.0,70.0,165.0,153.0,02010304310
69.0,90.0,117.0,117.0,63.0,94.0,160.0,162.0,02021138317
77.0,26.0,91.0,112.0,28.0,35.0,283.0,238.0,01010103313
63.0,49.0,83.0,107.0,72.0,66.0,129.0,171.0,01010206316
44.0,49.0,73.0,89.0,53.0,48.0,151.0,149.0,02020926313
60.0,64.0,98.0,90.0,55.0,52.0,155.0,169.0,010106193120
79.0,86.0,128.0,116.0,78.0,79.0,240.0,237.0,01010620339
74.0,85.0,130.0,107.0,78.0,65.0,172.0,161.0,02021034352
64.0,69.0,105.0,104.0,64.0,68.0,190.0,202.0,02021139327
66.0,69.0,71.0,73.0,51.0,54.0,173.0,174.0,02021241309
70.0,66.0,91.0,110.0,65.0,69.0,225.0,226.0,02010510304
62.0,66.0,97.0,106.0,56.0,69.0,152.0,185.0,02010409332
68.0,50.0,108.0,83.0,47.0,49.0,185.0,201.0,02020924312
70.0,53.0,82.0,89.0,70.0,58.0,146.0,145.0,02010409308
36.0,48.0,98.0,94.0,37.0,64.0,134.0,152.0,02010409343
60.0,51.0,90.0,84.0,48.0,53.0,122.0,127.0,010101013149
40.0,59.0,78.0,103.0,43.0,83.0,132.0,177.0,01010309335
66.0,63.0,99.0,96.0,74.0,65.0,162.0,171.0,01010309332
94.0,288.0,150.0,51.0,33.0,217.0,142.0,100.0,02021139328
66.0,55.0,105.0,115.0,62.0,66.0,280.0,197.0,02010305313
56.0,18.0,64.0,94.0,42.0,42.0,160.0,157.0,010106213118
64.0,63.0,82.0,92.0,52.0,68.0,151.0,152.0,01010619309
52.0,47.0,46.0,61.0,55.0,43.0,96.0,102.0,01010412388
26.0,28.0,136.0,110.0,46.0,34.0,167.0,125.0,01010308391
49.0,46.0,92.0,87.0,43.0,51.0,127.0,117.0,02010409304
82.0,115.0,135.0,112.0,70.0,90.0,203.0,222.0,02021136307
46.0,61.0,93.0,107.0,61.0,59.0,146.0,114.0,01010414335
65.0,66.0,98.0,98.0,73.0,81.0,188.0,181.0,01010412343
46.0,32.0,95.0,84.0,56.0,49.0,151.0,149.0,02021027341
80.0,86.0,157.0,186.0,77.0,66.0,176.0,192.0,02021032305
79.0,65.0,101.0,95.0,69.0,63.0,186.0,213.0,01010620377
69.0,60.0,100.0,119.0,69.0,49.0,209.0,211.0,01010308342
51.0,63.0,136.0,142.0,54.0,68.0,179.0,182.0,010101023102
23.0,52.0,84.0,95.0,39.0,67.0,123.0,150.0,010103083107
54.0,65.0,101.0,105.0,56.0,64.0,169.0,155.0,01010204321
59.0,61.0,100.0,118.0,56.0,72.0,155.0,141.0,02021030311
78.0,118.0,153.0,130.0,71.0,74.0,209.0,239.0,02021032310
71.0,119.0,208.0,184.0,92.0,91.0,209.0,261.0,02020615302
65.0,81.0,92.0,109.0,67.0,78.0,95.0,146.0,01010308338
55.0,43.0,81.0,82.0,55.0,42.0,178.0,167.0,010106193119
109.0,60.0,114.0,130.0,95.0,94.0,201.0,206.0,02021138310
61.0,67.0,97.0,102.0,63.0,53.0,164.0,181.0,02010512325
61.0,61.0,75.0,76.0,58.0,64.0,157.0,152.0,02021135341
53.0,56.0,104.0,79.0,55.0,69.0,121.0,113.0,01010205346
53.0,49.0,91.0,65.0,55.0,32.0,175.0,129.0,01010204378
46.0,57.0,92.0,109.0,66.0,75.0,167.0,147.0,01010620366
56.0,48.0,87.0,84.0,59.0,54.0,152.0,171.0,02021240330
66.0,63.0,119.0,137.0,74.0,65.0,200.0,224.0,01010413317
73.0,68.0,95.0,89.0,68.0,80.0,193.0,173.0,010106193129
54.0,117.0,160.0,173.0,61.0,82.0,131.0,181.0,02020618314
57.0,58.0,77.0,66.0,53.0,68.0,164.0,191.0,02020925306
58.0,62.0,167.0,98.0,63.0,72.0,186.0,225.0,01010204306
65.0,70.0,79.0,76.0,63.0,70.0,152.0,187.0,01010515319
51.0,50.0,98.0,76.0,50.0,54.0,129.0,126.0,01010411310
66.0,78.0,95.0,92.0,66.0,79.0,195.0,209.0,01010206321
45.0,58.0,78.0,69.0,40.0,47.0,145.0,164.0,02021030323
84.0,74.0,113.0,104.0,77.0,91.0,231.0,181.0,01010414311
31.0,50.0,128.0,94.0,37.0,42.0,131.0,114.0,010101023112
67.0,76.0,104.0,109.0,60.0,58.0,205.0,191.0,02010513310
52.0,55.0,112.0,113.0,52.0,62.0,154.0,195.0,01010103376
75.0,76.0,82.0,82.0,69.0,64.0,209.0,196.0,02020821315
58.0,54.0,145.0,135.0,54.0,54.0,155.0,167.0,010101023118
62.0,58.0,86.0,93.0,62.0,74.0,136.0,140.0,01010412353
70.0,68.0,118.0,107.0,67.0,70.0,197.0,176.0,01010412302
30.0,52.0,54.0,44.0,35.0,49.0,117.0,130.0,02021243312
34.0,34.0,69.0,58.0,29.0,27.0,123.0,126.0,02021241301
64.0,62.0,93.0,109.0,68.0,65.0,191.0,194.0,02020821312
51.0,44.0,89.0,85.0,45.0,60.0,168.0,154.0,02021557318
47.0,48.0,115.0,113.0,60.0,58.0,143.0,147.0,010101013137
75.0,82.0,132.0,149.0,79.0,94.0,198.0,162.0,01010308371
43.0,38.0,63.0,63.0,44.0,44.0,118.0,143.0,02010513309
46.0,58.0,90.0,93.0,65.0,54.0,182.0,210.0,02021555301
65.0,52.0,68.0,70.0,66.0,60.0,162.0,167.0,02021240309
68.0,55.0,157.0,132.0,61.0,61.0,156.0,266.0,02010304303
55.0,53.0,94.0,114.0,56.0,64.0,174.0,179.0,02021135335
79.0,121.0,132.0,163.0,68.0,73.0,169.0,196.0,02021033326
73.0,48.0,107.0,107.0,72.0,62.0,233.0,221.0,02021138312
0.0,36.0,12.0,88.0,0.0,40.0,27.0,92.0,02010512337
55.0,50.0,85.0,84.0,62.0,50.0,116.0,123.0,01010309301
68.0,66.0,131.0,146.0,59.0,59.0,151.0,208.0,02021029307
57.0,60.0,103.0,132.0,51.0,70.0,235.0,202.0,01010620331
53.0,58.0,75.0,63.0,54.0,61.0,138.0,175.0,01010412376
49.0,84.0,239.0,169.0,71.0,49.0,190.0,201.0,02020615301
65.0,73.0,74.0,92.0,53.0,70.0,237.0,176.0,010101023204
60.0,29.0,114.0,116.0,68.0,44.0,175.0,146.0,01010103373
43.0,51.0,100.0,70.0,49.0,47.0,130.0,117.0,02020923318
76.0,115.0,137.0,153.0,82.0,72.0,138.0,198.0,02021034311
82.0,90.0,128.0,131.0,80.0,83.0,137.0,165.0,01010518311
157.0,181.0,77.0,99.0,36.0,68.0,152.0,155.0,01010204318
64.0,65.0,88.0,74.0,61.0,71.0,156.0,149.0,01010311318
78.0,72.0,111.0,111.0,75.0,87.0,143.0,162.0,01010308318
113.0,115.0,182.0,152.0,131.0,74.0,227.0,254.0,02021029310
60.0,56.0,87.0,88.0,54.0,68.0,120.0,124.0,02010409323
70.0,53.0,97.0,107.0,56.0,70.0,170.0,119.0,01010205333
53.0,66.0,210.0,132.0,53.0,69.0,170.0,202.0,02020614326
50.0,42.0,77.0,84.0,47.0,37.0,119.0,116.0,02010203312
59.0,61.0,97.0,88.0,65.0,72.0,150.0,163.0,02021240324
53.0,49.0,113.0,108.0,50.0,65.0,140.0,151.0,01010103380
102.0,125.0,201.0,167.0,50.0,78.0,193.0,258.0,02021242306
121.0,9.0,94.0,138.0,75.0,68.0,151.0,160.0,01010103324
56.0,63.0,101.0,85.0,48.0,61.0,158.0,166.0,02021030319
40.0,83.0,121.0,106.0,63.0,69.0,125.0,163.0,01010517307
50.0,50.0,167.0,162.0,55.0,42.0,202.0,187.0,01010620349
57.0,66.0,86.0,87.0,60.0,56.0,152.0,158.0,01010621377
274.0,209.0,67.0,119.0,70.0,117.0,279.0,331.0,02021135356
50.0,44.0,90.0,81.0,44.0,43.0,122.0,144.0,02021030304
79.0,67.0,125.0,155.0,82.0,74.0,163.0,218.0,01010207325
79.0,119.0,112.0,116.0,80.0,95.0,177.0,212.0,02021139305
40.0,134.0,267.0,147.0,98.0,83.0,173.0,265.0,02020615320
72.0,68.0,92.0,105.0,82.0,84.0,173.0,263.0,01010309327
68.0,67.0,171.0,136.0,69.0,66.0,114.0,235.0,02020617355
89.0,57.0,90.0,90.0,69.0,68.0,209.0,230.0,01010414312
48.0,36.0,74.0,63.0,51.0,41.0,135.0,104.0,02020923311
49.0,55.0,82.0,76.0,54.0,60.0,136.0,180.0,02010408306
64.0,74.0,158.0,118.0,63.0,79.0,177.0,194.0,01010102387
44.0,53.0,74.0,81.0,49.0,58.0,152.0,149.0,01010103366
77.0,50.0,76.0,80.0,68.0,63.0,149.0,157.0,02021137312
65.0,90.0,127.0,147.0,61.0,85.0,174.0,202.0,01010414315
74.0,52.0,86.0,84.0,66.0,50.0,176.0,155.0,01010204367
54.0,52.0,75.0,70.0,49.0,45.0,142.0,156.0,010101023142
86.0,60.0,64.0,64.0,53.0,53.0,114.0,170.0,01010620392
42.0,28.0,54.0,66.0,48.0,22.0,116.0,139.0,010106213124
67.0,92.0,130.0,111.0,64.0,80.0,134.0,236.0,02020617345
68.0,54.0,132.0,93.0,63.0,72.0,170.0,114.0,02021240308
78.0,69.0,112.0,98.0,75.0,70.0,171.0,169.0,01010620355
75.0,52.0,85.0,104.0,68.0,56.0,171.0,224.0,02021243309
90.0,115.0,129.0,125.0,76.0,72.0,189.0,216.0,01010517341
38.0,43.0,67.0,110.0,48.0,45.0,141.0,167.0,01010413338
68.0,80.0,122.0,101.0,89.0,90.0,122.0,140.0,01010207326
71.0,76.0,111.0,118.0,53.0,65.0,140.0,181.0,01010414317
51.0,41.0,98.0,92.0,55.0,43.0,135.0,122.0,01010413324
54.0,62.0,89.0,88.0,49.0,63.0,182.0,180.0,01010621337
49.0,61.0,56.0,75.0,45.0,65.0,134.0,136.0,02010512332
57.0,73.0,114.0,100.0,65.0,69.0,181.0,176.0,02021138309
97.0,91.0,158.0,135.0,96.0,77.0,199.0,209.0,02021029311
30.0,80.0,152.0,110.0,48.0,41.0,144.0,146.0,02020618324
53.0,104.0,114.0,118.0,65.0,59.0,139.0,226.0,02021033303
70.0,62.0,102.0,113.0,77.0,72.0,182.0,188.0,01010412344
30.0,29.0,80.0,67.0,51.0,27.0,147.0,157.0,01010205353
56.0,55.0,91.0,63.0,53.0,48.0,123.0,150.0,02021555303
61.0,57.0,102.0,88.0,64.0,69.0,171.0,162.0,010106193118
56.0,55.0,94.0,93.0,46.0,51.0,158.0,182.0,02021557310
61.0,61.0,93.0,83.0,60.0,61.0,186.0,223.0,010101013130
113.0,86.0,179.0,155.0,89.0,84.0,179.0,256.0,02020617336
77.0,57.0,114.0,87.0,60.0,68.0,122.0,186.0,02021555314
46.0,42.0,69.0,85.0,40.0,22.0,138.0,109.0,02010203313
61.0,44.0,92.0,98.0,57.0,47.0,180.0,170.0,01010205336
38.0,50.0,79.0,89.0,48.0,44.0,127.0,159.0,02020923321
58.0,62.0,76.0,80.0,52.0,61.0,140.0,134.0,01010412396
50.0,52.0,104.0,100.0,42.0,55.0,121.0,114.0,01010620348
50.0,57.0,87.0,71.0,29.0,66.0,122.0,166.0,02010513337
57.0,72.0,84.0,74.0,54.0,68.0,149.0,202.0,01010103326
68.0,89.0,101.0,89.0,66.0,47.0,161.0,164.0,02021027318
54.0,57.0,107.0,85.0,49.0,70.0,207.0,212.0,02021139324
65.0,108.0,161.0,175.0,79.0,92.0,203.0,251.0,02021029323
63.0,70.0,105.0,100.0,60.0,55.0,141.0,144.0,01010310363
54.0,63.0,74.0,67.0,51.0,48.0,125.0,137.0,02010512340
47.0,58.0,79.0,91.0,55.0,66.0,122.0,178.0,01010515306
68.0,92.0,153.0,130.0,67.0,56.0,180.0,188.0,02021032302
35.0,115.0,133.0,105.0,60.0,74.0,169.0,227.0,02020616320
60.0,75.0,107.0,93.0,57.0,85.0,181.0,171.0,01010619334
62.0,82.0,93.0,94.0,48.0,89.0,156.0,171.0,01010309334
103.0,116.0,141.0,131.0,105.0,90.0,172.0,168.0,02021032309
49.0,66.0,93.0,91.0,54.0,67.0,167.0,169.0,02021240326
90.0,73.0,152.0,143.0,70.0,59.0,172.0,183.0,01010517302
70.0,69.0,123.0,121.0,70.0,61.0,212.0,180.0,02020925311
59.0,65.0,122.0,112.0,41.0,71.0,166.0,187.0,01010206349
36.0,42.0,166.0,176.0,47.0,56.0,164.0,251.0,01010517334
81.0,59.0,95.0,88.0,87.0,69.0,176.0,174.0,01010204368
91.0,117.0,173.0,167.0,57.0,75.0,200.0,233.0,02021028320
68.0,69.0,112.0,92.0,67.0,86.0,149.0,151.0,01010309385
88.0,65.0,157.0,178.0,54.0,75.0,138.0,232.0,01010207373
50.0,54.0,90.0,83.0,39.0,52.0,123.0,113.0,02010202302
43.0,47.0,84.0,88.0,47.0,53.0,115.0,131.0,02010512348
73.0,79.0,111.0,132.0,69.0,53.0,189.0,216.0,02021033318
89.0,47.0,85.0,101.0,72.0,58.0,148.0,137.0,02010304302
40.0,70.0,194.0,134.0,72.0,59.0,153.0,209.0,02020720313
88.0,71.0,162.0,119.0,72.0,60.0,150.0,153.0,02021033310
63.0,76.0,99.0,104.0,69.0,82.0,140.0,154.0,01010620352
252.0,263.0,75.0,134.0,183.0,212.0,117.0,161.0,01010413315
58.0,58.0,106.0,96.0,61.0,69.0,145.0,192.0,01010101328
17.0,70.0,95.0,87.0,30.0,86.0,143.0,184.0,010106193121
89.0,80.0,110.0,113.0,79.0,84.0,191.0,186.0,01010308376
58.0,109.0,201.0,224.0,57.0,82.0,209.0,240.0,02020614325
74.0,75.0,96.0,96.0,78.0,77.0,209.0,195.0,02021135325
65.0,107.0,135.0,152.0,74.0,52.0,126.0,210.0,02021029305
27.0,92.0,153.0,94.0,64.0,100.0,171.0,176.0,02021032321
58.0,58.0,125.0,118.0,63.0,68.0,113.0,157.0,01010412355
50.0,46.0,161.0,111.0,44.0,88.0,150.0,203.0,02021242312
55.0,62.0,107.0,85.0,43.0,61.0,135.0,146.0,01010621363
40.0,67.0,54.0,141.0,21.0,95.0,105.0,276.0,02020821318
72.0,71.0,80.0,93.0,60.0,64.0,141.0,162.0,01010621358
64.0,68.0,105.0,94.0,66.0,65.0,134.0,163.0,01010619333
79.0,86.0,141.0,148.0,77.0,76.0,200.0,237.0,01010207338
69.0,51.0,80.0,90.0,64.0,59.0,180.0,165.0,01010621380
50.0,53.0,75.0,79.0,36.0,62.0,113.0,138.0,02010306301
54.0,58.0,104.0,76.0,53.0,61.0,172.0,214.0,01010101312
57.0,95.0,117.0,101.0,65.0,70.0,162.0,200.0,02021136313
55.0,55.0,85.0,99.0,58.0,69.0,137.0,159.0,02010305311
62.0,52.0,86.0,77.0,74.0,51.0,119.0,153.0,02020822330
71.0,75.0,112.0,99.0,63.0,81.0,208.0,179.0,01010102380
84.0,84.0,106.0,123.0,79.0,90.0,236.0,202.0,02021240317
63.0,69.0,146.0,122.0,53.0,72.0,146.0,208.0,01010207314
65.0,76.0,139.0,183.0,90.0,78.0,131.0,164.0,02020617316
64.0,72.0,101.0,114.0,59.0,62.0,178.0,193.0,01010103339
54.0,65.0,92.0,93.0,49.0,58.0,151.0,166.0,02021555321
82.0,88.0,117.0,123.0,86.0,90.0,226.0,230.0,02021135314
84.0,74.0,98.0,104.0,78.0,74.0,164.0,154.0,01010412347
79.0,77.0,165.0,207.0,71.0,69.0,121.0,135.0,01010621305
61.0,57.0,94.0,106.0,54.0,51.0,237.0,185.0,02021557313
44.0,38.0,205.0,106.0,7.0,96.0,144.0,290.0,02020618333
86.0,46.0,90.0,86.0,65.0,73.0,221.0,198.0,02021240320
90.0,64.0,100.0,129.0,84.0,87.0,191.0,218.0,02010409347
55.0,50.0,102.0,93.0,43.0,57.0,181.0,222.0,010103083101
81.0,64.0,117.0,113.0,71.0,71.0,200.0,165.0,01010310348
85.0,94.0,129.0,166.0,72.0,75.0,207.0,269.0,01010207332
63.0,70.0,120.0,116.0,55.0,78.0,152.0,191.0,02020822315
56.0,52.0,92.0,106.0,49.0,59.0,175.0,185.0,010101023158
61.0,95.0,120.0,101.0,88.0,85.0,187.0,226.0,01010204343
55.0,33.0,78.0,91.0,48.0,53.0,145.0,150.0,02010513315
66.0,55.0,123.0,93.0,60.0,66.0,200.0,176.0,02021560309
73.0,73.0,89.0,124.0,68.0,71.0,172.0,171.0,01010103316
68.0,71.0,95.0,98.0,71.0,78.0,186.0,183.0,01010204342
46.0,65.0,82.0,79.0,50.0,75.0,145.0,129.0,02010513320
61.0,56.0,78.0,79.0,55.0,68.0,142.0,196.0,02010512330
82.0,73.0,101.0,107.0,75.0,90.0,240.0,211.0,01010620302
34.0,41.0,67.0,77.0,49.0,40.0,132.0,137.0,01010413323
65.0,67.0,99.0,93.0,64.0,65.0,134.0,159.0,010106193135
50.0,47.0,82.0,88.0,51.0,57.0,150.0,154.0,02010306304
65.0,73.0,100.0,180.0,61.0,58.0,143.0,248.0,02020617321
66.0,56.0,102.0,107.0,70.0,72.0,168.0,185.0,02020924321
48.0,45.0,73.0,95.0,50.0,54.0,124.0,140.0,010101023155
75.0,74.0,90.0,85.0,73.0,84.0,176.0,219.0,02021135333
58.0,73.0,77.0,78.0,67.0,67.0,153.0,180.0,02020617354
47.0,54.0,84.0,87.0,52.0,71.0,168.0,199.0,02021135358
63.0,110.0,87.0,208.0,73.0,110.0,86.0,326.0,02020617338
62.0,67.0,88.0,100.0,53.0,56.0,143.0,153.0,01010620315
67.0,63.0,115.0,107.0,72.0,81.0,103.0,161.0,01010412328
79.0,95.0,139.0,153.0,66.0,72.0,146.0,197.0,02021136301
59.0,53.0,100.0,104.0,64.0,65.0,149.0,150.0,01010101322
101.0,77.0,105.0,142.0,84.0,88.0,186.0,190.0,01010309372
98.0,48.0,185.0,178.0,48.0,53.0,155.0,194.0,02020617314
50.0,52.0,99.0,81.0,41.0,50.0,137.0,201.0,010101013162
72.0,65.0,112.0,116.0,70.0,70.0,192.0,203.0,02021138306
53.0,47.0,74.0,68.0,60.0,57.0,118.0,135.0,02021137313
83.0,90.0,106.0,104.0,84.0,97.0,173.0,191.0,02020822307
34.0,63.0,89.0,86.0,26.0,72.0,133.0,182.0,02010510302
80.0,79.0,128.0,102.0,64.0,81.0,152.0,172.0,02021027325
58.0,64.0,102.0,117.0,55.0,75.0,125.0,136.0,010101023176
51.0,58.0,117.0,112.0,38.0,78.0,130.0,262.0,02020617308
45.0,60.0,75.0,69.0,39.0,48.0,152.0,119.0,02010511303
0.0,0.0,0.0,0.0,0.0,0.0,0.0,0.0,02020719306
58.0,55.0,97.0,103.0,60.0,70.0,177.0,190.0,02021135316
68.0,60.0,78.0,73.0,60.0,73.0,145.0,164.0,02021137314
95.0,66.0,157.0,112.0,79.0,79.0,148.0,170.0,02021027309
57.0,53.0,98.0,91.0,38.0,78.0,159.0,217.0,02010510313
52.0,78.0,120.0,123.0,75.0,65.0,130.0,183.0,02021027339
58.0,47.0,125.0,113.0,63.0,92.0,158.0,203.0,02021135301
57.0,51.0,103.0,95.0,60.0,56.0,136.0,172.0,01010413337
40.0,67.0,78.0,77.0,49.0,54.0,126.0,161.0,02020923302
69.0,74.0,132.0,127.0,53.0,75.0,175.0,183.0,01010204374
58.0,57.0,124.0,149.0,62.0,70.0,142.0,176.0,02021137329
94.0,93.0,139.0,106.0,73.0,79.0,165.0,175.0,01010207342
73.0,79.0,109.0,115.0,78.0,79.0,268.0,235.0,010101023201
70.0,48.0,74.0,87.0,56.0,69.0,194.0,196.0,02021138315
24.0,43.0,71.0,73.0,34.0,49.0,144.0,103.0,010101023146
31.0,23.0,56.0,61.0,33.0,32.0,105.0,123.0,02021560314
62.0,56.0,101.0,87.0,63.0,58.0,136.0,159.0,02010203309
55.0,65.0,69.0,101.0,58.0,65.0,117.0,128.0,01010413331
74.0,71.0,184.0,189.0,75.0,71.0,199.0,169.0,01010619349
81.0,71.0,107.0,111.0,72.0,87.0,184.0,224.0,01010621319
98.0,100.0,155.0,148.0,78.0,63.0,202.0,221.0,01010207350
68.0,58.0,123.0,142.0,62.0,61.0,188.0,192.0,01010516314
54.0,42.0,107.0,79.0,49.0,54.0,115.0,117.0,01010101378
82.0,100.0,113.0,124.0,77.0,84.0,171.0,195.0,02021136326
11.0,57.0,241.0,164.0,104.0,84.0,171.0,274.0,02020615306
57.0,79.0,116.0,123.0,70.0,78.0,206.0,205.0,02020822310
56.0,71.0,138.0,159.0,85.0,82.0,142.0,224.0,02021027342
52.0,52.0,74.0,63.0,61.0,50.0,155.0,132.0,01010413319
84.0,72.0,97.0,105.0,84.0,75.0,130.0,165.0,01010412366
59.0,54.0,85.0,82.0,66.0,70.0,126.0,147.0,01010102346
64.0,60.0,101.0,114.0,59.0,80.0,209.0,259.0,01010101361
25.0,244.0,34.0,180.0,111.0,94.0,318.0,288.0,02010305329
64.0,66.0,102.0,94.0,76.0,71.0,212.0,219.0,01010308301
80.0,86.0,164.0,162.0,97.0,79.0,204.0,261.0,02021029322
57.0,64.0,81.0,98.0,54.0,66.0,321.0,301.0,02021243314
54.0,52.0,106.0,99.0,59.0,56.0,156.0,130.0,01010204312
68.0,102.0,111.0,103.0,77.0,109.0,124.0,230.0,02021135308
69.0,62.0,85.0,113.0,80.0,67.0,156.0,126.0,01010620341
57.0,71.0,144.0,122.0,70.0,59.0,183.0,205.0,02021136310
39.0,76.0,105.0,36.0,48.0,64.0,113.0,172.0,02020923315
38.0,77.0,103.0,103.0,60.0,50.0,181.0,195.0,02021138303
43.0,45.0,69.0,76.0,54.0,52.0,138.0,137.0,02021137318
49.0,56.0,100.0,115.0,41.0,69.0,160.0,200.0,01010101398
58.0,53.0,95.0,112.0,61.0,59.0,184.0,203.0,01010206301
216.0,127.0,31.0,27.0,107.0,66.0,222.0,213.0,02010306320
66.0,62.0,128.0,126.0,72.0,76.0,181.0,174.0,02010510314
72.0,69.0,113.0,111.0,81.0,75.0,139.0,182.0,01010619326
57.0,70.0,109.0,101.0,56.0,55.0,131.0,129.0,01010207370
50.0,90.0,231.0,194.0,0.0,109.0,150.0,323.0,02020614314
54.0,93.0,76.0,104.0,54.0,78.0,147.0,156.0,02020616309
58.0,61.0,103.0,106.0,55.0,76.0,175.0,201.0,01010309380
54.0,75.0,108.0,85.0,41.0,60.0,169.0,144.0,02020923314
72.0,66.0,95.0,94.0,80.0,77.0,179.0,189.0,02010306310
38.0,37.0,67.0,78.0,36.0,44.0,122.0,142.0,02021243308
90.0,93.0,126.0,137.0,91.0,82.0,188.0,215.0,01010518302
55.0,54.0,79.0,79.0,50.0,64.0,152.0,169.0,02010510334
78.0,33.0,73.0,79.0,51.0,72.0,118.0,165.0,02021137304
100.0,90.0,105.0,75.0,57.0,63.0,171.0,152.0,01010517301
101.0,75.0,273.0,95.0,77.0,97.0,160.0,198.0,02020614312
89.0,58.0,148.0,137.0,85.0,61.0,190.0,205.0,02021033314
78.0,89.0,107.0,103.0,71.0,85.0,169.0,169.0,01010516305
89.0,85.0,88.0,113.0,71.0,73.0,176.0,194.0,02021555306
60.0,66.0,100.0,94.0,45.0,84.0,181.0,208.0,02010409349
55.0,60.0,91.0,90.0,53.0,56.0,181.0,161.0,02010203308
50.0,62.0,165.0,165.0,41.0,75.0,154.0,200.0,02020923303
68.0,54.0,101.0,94.0,62.0,55.0,141.0,153.0,02021555310
91.0,55.0,111.0,114.0,77.0,80.0,186.0,215.0,02020923307
32.0,44.0,74.0,73.0,36.0,42.0,97.0,152.0,02021241310
60.0,46.0,84.0,84.0,56.0,55.0,137.0,149.0,01010101359
84.0,104.0,110.0,110.0,81.0,98.0,140.0,189.0,02021029319
44.0,43.0,60.0,90.0,42.0,50.0,110.0,172.0,02020925316
57.0,78.0,131.0,107.0,69.0,78.0,173.0,188.0,02021029314
74.0,83.0,162.0,127.0,79.0,89.0,157.0,192.0,02021027311
64.0,54.0,98.0,92.0,69.0,70.0,185.0,155.0,01010412329
54.0,51.0,104.0,88.0,62.0,53.0,132.0,160.0,01010621353
79.0,64.0,103.0,118.0,76.0,64.0,200.0,214.0,01010308327
119.0,105.0,157.0,187.0,75.0,77.0,247.0,235.0,02020617303
62.0,65.0,80.0,72.0,48.0,55.0,124.0,155.0,02010408342
124.0,102.0,222.0,151.0,106.0,91.0,177.0,252.0,02020615316
69.0,91.0,109.0,98.0,70.0,65.0,152.0,173.0,02021136328
52.0,56.0,101.0,104.0,43.0,60.0,134.0,180.0,01010101326
42.0,45.0,74.0,58.0,43.0,34.0,112.0,117.0,010101023261
79.0,69.0,96.0,107.0,84.0,84.0,172.0,193.0,01010620322
44.0,57.0,95.0,81.0,52.0,55.0,157.0,122.0,010101023106
50.0,51.0,71.0,74.0,47.0,56.0,110.0,137.0,02021556341
59.0,68.0,152.0,182.0,89.0,104.0,194.0,250.0,02020617331
94.0,67.0,133.0,121.0,89.0,98.0,218.0,269.0,02021135304
63.0,67.0,87.0,92.0,68.0,81.0,157.0,169.0,02010101303
77.0,73.0,98.0,110.0,76.0,83.0,160.0,192.0,02021558312
63.0,57.0,81.0,100.0,74.0,72.0,142.0,196.0,02021137311
71.0,72.0,111.0,102.0,80.0,91.0,196.0,209.0,01010413301
59.0,70.0,94.0,100.0,59.0,73.0,169.0,238.0,01010619336
56.0,66.0,85.0,83.0,56.0,51.0,243.0,186.0,02021030324
61.0,58.0,84.0,86.0,45.0,49.0,135.0,125.0,01010413307
72.0,95.0,114.0,109.0,67.0,109.0,173.0,160.0,02021135342
30.0,69.0,104.0,88.0,49.0,77.0,108.0,203.0,01010517325
59.0,58.0,82.0,66.0,52.0,61.0,191.0,165.0,01010412333
54.0,72.0,100.0,103.0,59.0,71.0,166.0,169.0,01010310354
83.0,74.0,113.0,111.0,74.0,75.0,217.0,218.0,02010305324
81.0,108.0,142.0,170.0,80.0,96.0,144.0,193.0,02021027337
69.0,64.0,100.0,112.0,69.0,67.0,115.0,140.0,01010621356
70.0,72.0,134.0,131.0,50.0,76.0,179.0,162.0,02020821330
61.0,60.0,73.0,79.0,63.0,73.0,141.0,174.0,02021240325
80.0,79.0,117.0,103.0,83.0,85.0,184.0,208.0,02020821311
64.0,55.0,96.0,90.0,62.0,69.0,175.0,188.0,02021138307
82.0,76.0,119.0,97.0,84.0,97.0,223.0,160.0,02010304322
60.0,53.0,91.0,89.0,65.0,44.0,213.0,196.0,01010103342
42.0,47.0,117.0,121.0,41.0,63.0,101.0,101.0,01010414334
60.0,66.0,140.0,124.0,53.0,67.0,149.0,154.0,02021034344
68.0,67.0,94.0,90.0,58.0,46.0,205.0,189.0,02021138322
53.0,58.0,76.0,93.0,54.0,59.0,140.0,191.0,02010408302
65.0,92.0,129.0,109.0,69.0,98.0,144.0,209.0,02021136327
50.0,53.0,82.0,82.0,48.0,48.0,142.0,123.0,02021137315
74.0,70.0,136.0,133.0,65.0,81.0,204.0,189.0,010101023178
48.0,62.0,78.0,88.0,42.0,70.0,146.0,171.0,02020925309
100.0,53.0,99.0,107.0,68.0,60.0,177.0,179.0,01010413332
69.0,72.0,114.0,99.0,81.0,65.0,139.0,129.0,02021027338
62.0,80.0,105.0,98.0,80.0,85.0,159.0,155.0,02010101307
49.0,85.0,89.0,78.0,68.0,92.0,219.0,168.0,01010518317
52.0,132.0,231.0,215.0,72.0,99.0,196.0,248.0,02020614301
52.0,57.0,114.0,114.0,56.0,52.0,139.0,153.0,01010412381
72.0,99.0,176.0,128.0,52.0,80.0,181.0,224.0,02021033316
50.0,50.0,53.0,57.0,47.0,44.0,129.0,154.0,02010512329
46.0,46.0,81.0,84.0,46.0,51.0,103.0,101.0,01010620330
63.0,70.0,88.0,88.0,53.0,61.0,160.0,201.0,01010620344
52.0,70.0,116.0,119.0,65.0,69.0,173.0,165.0,02021029309
61.0,69.0,118.0,83.0,41.0,67.0,134.0,172.0,02021034323
72.0,55.0,103.0,106.0,63.0,87.0,139.0,169.0,01010101390
35.0,60.0,79.0,97.0,37.0,48.0,105.0,122.0,010103083111
61.0,68.0,85.0,94.0,62.0,71.0,169.0,185.0,01010619323
47.0,111.0,143.0,170.0,35.0,56.0,142.0,239.0,01010207340
45.0,63.0,107.0,94.0,49.0,69.0,153.0,137.0,02021139315
36.0,90.0,207.0,138.0,83.0,73.0,165.0,152.0,02020614304
84.0,110.0,136.0,118.0,64.0,103.0,160.0,238.0,02021027305
76.0,68.0,124.0,114.0,86.0,72.0,198.0,194.0,01010101303
49.0,64.0,140.0,108.0,89.0,74.0,186.0,146.0,02021027340
36.0,46.0,82.0,88.0,39.0,44.0,132.0,132.0,01010309388
80.0,71.0,198.0,191.0,51.0,76.0,203.0,241.0,02020615309
56.0,70.0,133.0,151.0,71.0,78.0,199.0,250.0,01010207354
56.0,53.0,70.0,67.0,53.0,59.0,131.0,137.0,02010409337
74.0,85.0,88.0,90.0,65.0,87.0,165.0,176.0,02020924301
46.0,60.0,89.0,87.0,40.0,59.0,116.0,145.0,02020822334
63.0,74.0,144.0,91.0,57.0,68.0,178.0,224.0,01010204304
42.0,45.0,94.0,77.0,42.0,52.0,161.0,183.0,01010101382
44.0,49.0,69.0,68.0,29.0,50.0,102.0,135.0,02010101301
73.0,69.0,162.0,159.0,76.0,82.0,204.0,179.0,01010205347
47.0,72.0,125.0,108.0,42.0,61.0,147.0,153.0,02020926305
78.0,92.0,167.0,144.0,66.0,65.0,164.0,221.0,02021034310
54.0,70.0,82.0,94.0,59.0,63.0,123.0,136.0,01010414337
71.0,126.0,113.0,98.0,66.0,81.0,456.0,294.0,01010413356
57.0,53.0,91.0,88.0,60.0,65.0,161.0,196.0,02010101309
54.0,58.0,78.0,74.0,48.0,63.0,163.0,165.0,02021138308
69.0,81.0,119.0,123.0,67.0,64.0,200.0,216.0,01010308329
56.0,73.0,84.0,103.0,61.0,75.0,158.0,184.0,02020924322
70.0,69.0,132.0,145.0,62.0,73.0,206.0,226.0,02010513336
94.0,141.0,180.0,197.0,72.0,96.0,185.0,246.0,02021242305
71.0,67.0,119.0,58.0,69.0,70.0,124.0,167.0,02020924310
112.0,54.0,111.0,108.0,74.0,86.0,172.0,174.0,010106193152
48.0,48.0,134.0,99.0,51.0,52.0,139.0,143.0,02021555304
94.0,79.0,105.0,159.0,43.0,67.0,168.0,223.0,02020617306
75.0,59.0,91.0,92.0,79.0,63.0,202.0,246.0,01010619305
93.0,95.0,151.0,109.0,89.0,72.0,169.0,203.0,02021032311
55.0,55.0,90.0,104.0,61.0,63.0,193.0,185.0,02021138323
69.0,67.0,103.0,108.0,69.0,57.0,168.0,177.0,01010620317
49.0,61.0,106.0,109.0,63.0,56.0,173.0,184.0,01010411314
76.0,94.0,144.0,124.0,70.0,78.0,164.0,239.0,02021028306
50.0,54.0,95.0,109.0,56.0,43.0,117.0,131.0,010101023156
45.0,51.0,158.0,86.0,62.0,61.0,147.0,157.0,02021034327
44.0,28.0,63.0,71.0,35.0,39.0,120.0,103.0,010106213140
48.0,44.0,69.0,93.0,44.0,52.0,141.0,145.0,01010620386
55.0,47.0,88.0,75.0,46.0,55.0,114.0,122.0,01010206303
50.0,61.0,101.0,79.0,51.0,59.0,144.0,126.0,01010103304
40.0,79.0,147.0,216.0,87.0,68.0,154.0,214.0,02021242307
71.0,96.0,169.0,143.0,76.0,86.0,141.0,147.0,02020614318
94.0,120.0,149.0,131.0,94.0,95.0,161.0,218.0,01010207358
57.0,46.0,86.0,67.0,57.0,57.0,149.0,179.0,01010309326
58.0,10.0,143.0,150.0,29.0,56.0,214.0,199.0,02020617353
60.0,62.0,79.0,85.0,55.0,67.0,180.0,191.0,01010619328
77.0,66.0,116.0,168.0,49.0,60.0,104.0,208.0,02021034302
61.0,51.0,96.0,99.0,56.0,57.0,135.0,194.0,02021138302
84.0,118.0,123.0,108.0,55.0,87.0,146.0,169.0,02021029321
59.0,73.0,111.0,109.0,51.0,82.0,159.0,171.0,01010102341
62.0,72.0,130.0,116.0,51.0,77.0,151.0,161.0,01010205325
60.0,64.0,80.0,79.0,61.0,84.0,130.0,128.0,01010515302
50.0,52.0,66.0,71.0,49.0,60.0,122.0,145.0,01010309338
44.0,44.0,80.0,91.0,40.0,55.0,117.0,145.0,010101023154
51.0,50.0,81.0,82.0,46.0,47.0,104.0,110.0,010101013168
68.0,91.0,93.0,102.0,75.0,49.0,139.0,144.0,01010207335
33.0,59.0,59.0,67.0,36.0,70.0,124.0,146.0,02021137322
55.0,48.0,154.0,181.0,53.0,69.0,189.0,166.0,02020821324
52.0,50.0,104.0,110.0,56.0,74.0,151.0,185.0,010101023170
51.0,95.0,133.0,94.0,74.0,82.0,181.0,214.0,01010517340
36.0,47.0,91.0,69.0,49.0,39.0,136.0,117.0,010106193138
65.0,30.0,67.0,63.0,66.0,27.0,125.0,145.0,01010206355
0.0,90.0,175.0,174.0,53.0,76.0,155.0,202.0,02020615327
66.0,128.0,22.0,124.0,97.0,105.0,238.0,173.0,02010511318
55.0,39.0,117.0,134.0,57.0,66.0,118.0,151.0,02021034326
65.0,62.0,83.0,84.0,60.0,67.0,166.0,189.0,01010310365
53.0,105.0,136.0,142.0,72.0,62.0,139.0,212.0,02021027326
90.0,96.0,145.0,162.0,66.0,84.0,134.0,196.0,02021029303
58.0,50.0,90.0,84.0,68.0,51.0,183.0,163.0,02021139304
58.0,63.0,106.0,100.0,63.0,78.0,126.0,130.0,02010305309
95.0,94.0,125.0,114.0,100.0,108.0,176.0,196.0,010106193127
129.0,105.0,148.0,149.0,118.0,103.0,214.0,187.0,02020618312
53.0,47.0,79.0,90.0,48.0,54.0,82.0,111.0,01010515321
72.0,70.0,109.0,149.0,59.0,82.0,156.0,213.0,01010103360
71.0,60.0,115.0,116.0,49.0,69.0,181.0,182.0,02021138328
126.0,140.0,197.0,135.0,105.0,89.0,188.0,248.0,02020617335
6.0,42.0,157.0,53.0,18.0,47.0,80.0,131.0,02010513301
59.0,80.0,114.0,137.0,74.0,63.0,147.0,233.0,01010517313
88.0,64.0,119.0,109.0,62.0,94.0,174.0,230.0,02021240302
49.0,54.0,65.0,100.0,40.0,81.0,104.0,164.0,010101023138
57.0,62.0,195.0,144.0,60.0,45.0,161.0,162.0,02020923324
